path,sumber,label_asli,prediksi,confidence
/kaggle/input/datasets/ejlok1/cremad/AudioWAV/1004_DFA_SAD_XX.wav,cremad,sedih,takut,0.7677992582321167
/kaggle/input/datasets/ejlok1/cremad/AudioWAV/1086_MTI_HAP_XX.wav,cremad,senang,marah,0.775326132774353
/kaggle/input/datasets/ejlok1/cremad/AudioWAV/1062_IWL_ANG_XX.wav,cremad,marah,takut,0.8767897486686707
/kaggle/input/datasets/ejlok1/cremad/AudioWAV/1017_TAI_DIS_XX.wav,cremad,jijik,marah,0.6305199861526489
/kaggle/input/datasets/ejlok1/cremad/AudioWAV/1062_TSI_HAP_XX.wav,cremad,senang,takut,0.7688071131706238
/kaggle/input/datasets/ejlok1/cremad/AudioWAV/1056_ITH_DIS_XX.wav,cremad,jijik,marah,0.957522988319397
/kaggle/input/datasets/ejlok1/cremad/AudioWAV/1069_ITS_SAD_XX.wav,cremad,sedih,takut,0.9747570157051086
/kaggle/input/datasets/ejlok1/cremad/AudioWAV/1010_IWL_SAD_XX.wav,cremad,sedih,takut,0.8154159784317017
/kaggle/input/datasets/ejlok1/cremad/AudioWAV/1071_TIE_SAD_XX.wav,cremad,sedih,takut,0.7181180715560913
/kaggle/input/datasets/ahmadnafibudianto/e-seravd-speech-emotion-recognition-av-dataset/E-SERAVD 1.1/E-SERAVD/02_Audio-Only/01_Angry/D1990/02-01-D1990-T-0002.wav,eseravd,marah,netral,0.6302517652511597
/kaggle/input/datasets/ejlok1/cremad/AudioWAV/1057_TIE_NEU_XX.wav,cremad,netral,takut,0.7444155812263489
/kaggle/input/datasets/ejlok1/cremad/AudioWAV/1003_DFA_SAD_XX.wav,cremad,sedih,takut,0.870445728302002
/kaggle/input/datasets/ejlok1/cremad/AudioWAV/1062_IEO_HAP_HI.wav,cremad,senang,marah,0.6198021769523621
/kaggle/input/datasets/ejlok1/cremad/AudioWAV/1090_IEO_ANG_LO.wav,cremad,marah,jijik,0.8241221308708191
/kaggle/input/datasets/ejlok1/cremad/AudioWAV/1087_TSI_ANG_XX.wav,cremad,marah,jijik,0.6375216841697693
/kaggle/input/datasets/ejlok1/cremad/AudioWAV/1051_IOM_SAD_XX.wav,cremad,sedih,netral,0.767244815826416
/kaggle/input/datasets/ejlok1/cremad/AudioWAV/1042_IEO_SAD_MD.wav,cremad,sedih,takut,0.9537505507469177
/kaggle/input/datasets/ejlok1/cremad/AudioWAV/1070_TAI_FEA_XX.wav,cremad,takut,jijik,0.9648799300193787
/kaggle/input/datasets/ejlok1/cremad/AudioWAV/1002_IEO_HAP_LO.wav,cremad,senang,takut,0.8637081980705261
/kaggle/input/datasets/ejlok1/cremad/AudioWAV/1077_MTI_SAD_XX.wav,cremad,sedih,marah,0.7317243814468384
/kaggle/input/datasets/ejlok1/cremad/AudioWAV/1031_TAI_HAP_XX.wav,cremad,senang,takut,0.740513265132904
/kaggle/input/datasets/ejlok1/cremad/AudioWAV/1028_IWL_HAP_XX.wav,cremad,senang,takut,0.61799156665802
/kaggle/input/datasets/elnathh/indowavesentiment/IndoWaveSentiment Indonesian Audio Dataset for Emotion Classification/IndoWaveSentiment/Actor_04/04-01-02-02.wav,indowavesentiment,netral,sedih,0.6563663482666016
/kaggle/input/datasets/uwrfkaggler/ravdess-emotional-speech-audio/audio_speech_actors_01-24/Actor_20/03-01-05-01-01-02-20.wav,ravdess,marah,senang,0.9090319871902466
/kaggle/input/datasets/ejlok1/cremad/AudioWAV/1087_TSI_SAD_XX.wav,cremad,sedih,jijik,0.6804106831550598
/kaggle/input/datasets/ejlok1/cremad/AudioWAV/1032_IEO_NEU_XX.wav,cremad,netral,takut,0.6440247893333435
/kaggle/input/datasets/ejlok1/cremad/AudioWAV/1013_IEO_SAD_MD.wav,cremad,sedih,jijik,0.6984615325927734
/kaggle/input/datasets/elnathh/indowavesentiment/IndoWaveSentiment Indonesian Audio Dataset for Emotion Classification/IndoWaveSentiment/Actor_10/10-04-01-02.wav,indowavesentiment,jijik,sedih,0.814698338508606
/kaggle/input/datasets/ejlok1/cremad/AudioWAV/1074_IOM_SAD_XX.wav,cremad,sedih,netral,0.6802815794944763
/kaggle/input/datasets/elnathh/indowavesentiment/IndoWaveSentiment Indonesian Audio Dataset for Emotion Classification/IndoWaveSentiment/Actor_04/04-04-01-02.wav,indowavesentiment,jijik,sedih,0.9412388801574707
/kaggle/input/datasets/ejlok1/cremad/AudioWAV/1003_ITH_SAD_XX.wav,cremad,sedih,takut,0.8954369425773621
/kaggle/input/datasets/ejlok1/cremad/AudioWAV/1071_IEO_HAP_LO.wav,cremad,senang,takut,0.7143389582633972
/kaggle/input/datasets/ejlok1/cremad/AudioWAV/1088_IOM_HAP_XX.wav,cremad,senang,netral,0.7604081034660339
/kaggle/input/datasets/elnathh/indowavesentiment/IndoWaveSentiment Indonesian Audio Dataset for Emotion Classification/IndoWaveSentiment/Actor_06/06-02-01-01.wav,indowavesentiment,senang,netral,0.8394137024879456
/kaggle/input/datasets/ejlok1/cremad/AudioWAV/1013_IEO_HAP_LO.wav,cremad,senang,takut,0.8072379231452942
/kaggle/input/datasets/elnathh/indowavesentiment/IndoWaveSentiment Indonesian Audio Dataset for Emotion Classification/IndoWaveSentiment/Actor_06/06-04-02-03.wav,indowavesentiment,jijik,sedih,0.8019602298736572
/kaggle/input/datasets/ejlok1/cremad/AudioWAV/1004_TIE_HAP_XX.wav,cremad,senang,marah,0.8850507140159607
/kaggle/input/datasets/ejlok1/cremad/AudioWAV/1028_IOM_SAD_XX.wav,cremad,sedih,jijik,0.7505738139152527
/kaggle/input/datasets/ejlok1/cremad/AudioWAV/1082_MTI_SAD_XX.wav,cremad,sedih,marah,0.775521457195282
/kaggle/input/datasets/ejlok1/cremad/AudioWAV/1001_IOM_ANG_XX.wav,cremad,marah,takut,0.93285071849823
/kaggle/input/datasets/ejlok1/cremad/AudioWAV/1051_MTI_SAD_XX.wav,cremad,sedih,netral,0.6069288849830627
/kaggle/input/datasets/ejlok1/cremad/AudioWAV/1066_TSI_ANG_XX.wav,cremad,marah,jijik,0.6831923127174377
/kaggle/input/datasets/ejlok1/cremad/AudioWAV/1073_IEO_SAD_LO.wav,cremad,sedih,takut,0.7662031650543213
/kaggle/input/datasets/elnathh/indowavesentiment/IndoWaveSentiment Indonesian Audio Dataset for Emotion Classification/IndoWaveSentiment/Actor_04/04-02-02-03.wav,indowavesentiment,senang,netral,0.7915815114974976
/kaggle/input/datasets/ejlok1/cremad/AudioWAV/1089_ITS_SAD_XX.wav,cremad,sedih,takut,0.6029489636421204
/kaggle/input/datasets/uwrfkaggler/ravdess-emotional-speech-audio/audio_speech_actors_01-24/Actor_21/03-01-05-02-01-02-21.wav,ravdess,marah,senang,0.6678727865219116
/kaggle/input/datasets/ejlok1/cremad/AudioWAV/1021_IEO_SAD_LO.wav,cremad,sedih,takut,0.6008409261703491
/kaggle/input/datasets/ejlok1/cremad/AudioWAV/1060_IOM_DIS_XX.wav,cremad,jijik,sedih,0.6268412470817566
/kaggle/input/datasets/ejlok1/cremad/AudioWAV/1068_IWL_DIS_XX.wav,cremad,jijik,takut,0.6259263157844543
/kaggle/input/datasets/ejlok1/cremad/AudioWAV/1046_IWL_ANG_XX.wav,cremad,marah,jijik,0.675669252872467
/kaggle/input/datasets/ejlok1/cremad/AudioWAV/1054_ITH_SAD_XX.wav,cremad,sedih,takut,0.923326849937439
/kaggle/input/datasets/ejlok1/cremad/AudioWAV/1010_WSI_SAD_XX.wav,cremad,sedih,takut,0.7451263666152954
/kaggle/input/datasets/ejlok1/cremad/AudioWAV/1039_IEO_SAD_HI.wav,cremad,sedih,takut,0.8473657965660095
/kaggle/input/datasets/ejlok1/cremad/AudioWAV/1048_MTI_SAD_XX.wav,cremad,sedih,takut,0.8193719387054443
/kaggle/input/datasets/ejlok1/cremad/AudioWAV/1066_WSI_SAD_XX.wav,cremad,sedih,takut,0.8275072574615479
/kaggle/input/datasets/ejlok1/cremad/AudioWAV/1051_IEO_SAD_LO.wav,cremad,sedih,netral,0.6697197556495667
/kaggle/input/datasets/uwrfkaggler/ravdess-emotional-speech-audio/Actor_20/03-01-05-01-01-02-20.wav,ravdess,marah,senang,0.9090319871902466
/kaggle/input/datasets/ejlok1/cremad/AudioWAV/1052_IEO_HAP_HI.wav,cremad,senang,marah,0.7004307508468628
/kaggle/input/datasets/ejlok1/cremad/AudioWAV/1011_IEO_HAP_LO.wav,cremad,senang,takut,0.7730352878570557
/kaggle/input/datasets/ejlok1/cremad/AudioWAV/1014_TAI_SAD_XX.wav,cremad,sedih,jijik,0.767230749130249
/kaggle/input/datasets/ejlok1/cremad/AudioWAV/1037_ITH_SAD_XX.wav,cremad,sedih,takut,0.9323344230651855
/kaggle/input/datasets/ejlok1/cremad/AudioWAV/1077_IWL_FEA_XX.wav,cremad,takut,netral,0.8496273756027222
/kaggle/input/datasets/ejlok1/cremad/AudioWAV/1044_ITS_SAD_XX.wav,cremad,sedih,jijik,0.9015536904335022
/kaggle/input/datasets/ejlok1/cremad/AudioWAV/1078_IWW_HAP_XX.wav,cremad,senang,takut,0.7112076878547668
/kaggle/input/datasets/ejlok1/cremad/AudioWAV/1027_TSI_HAP_XX.wav,cremad,senang,takut,0.710976779460907
/kaggle/input/datasets/ejlok1/cremad/AudioWAV/1022_TAI_SAD_XX.wav,cremad,sedih,jijik,0.8745157718658447
/kaggle/input/datasets/ejlok1/cremad/AudioWAV/1022_WSI_SAD_XX.wav,cremad,sedih,jijik,0.8230910897254944
/kaggle/input/datasets/ejlok1/cremad/AudioWAV/1051_IWW_HAP_XX.wav,cremad,senang,takut,0.6276982426643372
/kaggle/input/datasets/ejlok1/cremad/AudioWAV/1061_WSI_SAD_XX.wav,cremad,sedih,takut,0.781294047832489
/kaggle/input/datasets/ejlok1/cremad/AudioWAV/1023_IWL_DIS_XX.wav,cremad,jijik,takut,0.6689935922622681
/kaggle/input/datasets/ejlok1/cremad/AudioWAV/1077_TSI_SAD_XX.wav,cremad,sedih,takut,0.6033886671066284
/kaggle/input/datasets/ejlok1/cremad/AudioWAV/1044_TIE_SAD_XX.wav,cremad,sedih,takut,0.6956557035446167
/kaggle/input/datasets/ejlok1/cremad/AudioWAV/1014_WSI_NEU_XX.wav,cremad,netral,marah,0.6243289709091187
/kaggle/input/datasets/ejlok1/cremad/AudioWAV/1030_IOM_HAP_XX.wav,cremad,senang,netral,0.729665219783783
/kaggle/input/datasets/ejlok1/cremad/AudioWAV/1081_TAI_SAD_XX.wav,cremad,sedih,takut,0.8426263332366943
/kaggle/input/datasets/ejlok1/cremad/AudioWAV/1088_MTI_SAD_XX.wav,cremad,sedih,takut,0.7216979265213013
/kaggle/input/datasets/ejlok1/cremad/AudioWAV/1067_IOM_HAP_XX.wav,cremad,senang,takut,0.8046571016311646
/kaggle/input/datasets/ejlok1/cremad/AudioWAV/1041_IOM_SAD_XX.wav,cremad,sedih,takut,0.7446553707122803
/kaggle/input/datasets/ejlok1/cremad/AudioWAV/1036_IWL_SAD_XX.wav,cremad,sedih,takut,0.7629750967025757
/kaggle/input/datasets/ejlok1/cremad/AudioWAV/1041_WSI_SAD_XX.wav,cremad,sedih,takut,0.6427786350250244
/kaggle/input/datasets/ejlok1/cremad/AudioWAV/1087_MTI_SAD_XX.wav,cremad,sedih,jijik,0.8669093251228333
/kaggle/input/datasets/ejlok1/cremad/AudioWAV/1033_IEO_HAP_MD.wav,cremad,senang,takut,0.6112400889396667
/kaggle/input/datasets/ejlok1/cremad/AudioWAV/1026_IEO_SAD_MD.wav,cremad,sedih,takut,0.7030261754989624
/kaggle/input/datasets/elnathh/indowavesentiment/IndoWaveSentiment Indonesian Audio Dataset for Emotion Classification/IndoWaveSentiment/Actor_10/10-01-02-03.wav,indowavesentiment,netral,sedih,0.8722227811813354
/kaggle/input/datasets/ejlok1/cremad/AudioWAV/1061_IWW_SAD_XX.wav,cremad,sedih,takut,0.778111457824707
/kaggle/input/datasets/ejlok1/cremad/AudioWAV/1064_IEO_SAD_HI.wav,cremad,sedih,jijik,0.6991392970085144
/kaggle/input/datasets/ejlok1/cremad/AudioWAV/1002_WSI_SAD_XX.wav,cremad,sedih,jijik,0.9109170436859131
/kaggle/input/datasets/ejlok1/cremad/AudioWAV/1058_TAI_SAD_XX.wav,cremad,sedih,jijik,0.9548008441925049
/kaggle/input/datasets/uwrfkaggler/ravdess-emotional-speech-audio/Actor_17/03-01-04-02-01-01-17.wav,ravdess,sedih,takut,0.7244221568107605
/kaggle/input/datasets/elnathh/indowavesentiment/IndoWaveSentiment Indonesian Audio Dataset for Emotion Classification/IndoWaveSentiment/Actor_01/01-04-02-03.wav,indowavesentiment,jijik,netral,0.8038433194160461
/kaggle/input/datasets/ejlok1/cremad/AudioWAV/1001_IEO_HAP_HI.wav,cremad,senang,marah,0.6832910180091858
/kaggle/input/datasets/ejlok1/cremad/AudioWAV/1016_DFA_HAP_XX.wav,cremad,senang,takut,0.6835948824882507
/kaggle/input/datasets/ejlok1/cremad/AudioWAV/1052_IEO_DIS_HI.wav,cremad,jijik,netral,0.7819430828094482
/kaggle/input/datasets/elnathh/indowavesentiment/IndoWaveSentiment Indonesian Audio Dataset for Emotion Classification/IndoWaveSentiment/Actor_04/04-02-02-01.wav,indowavesentiment,senang,netral,0.7604238986968994
/kaggle/input/datasets/ejlok1/cremad/AudioWAV/1081_TIE_HAP_XX.wav,cremad,senang,takut,0.9106748700141907
/kaggle/input/datasets/ejlok1/cremad/AudioWAV/1043_IEO_DIS_HI.wav,cremad,jijik,takut,0.8224177360534668
/kaggle/input/datasets/ejlok1/cremad/AudioWAV/1065_IEO_SAD_HI.wav,cremad,sedih,takut,0.6529529094696045
/kaggle/input/datasets/ejlok1/cremad/AudioWAV/1027_TIE_HAP_XX.wav,cremad,senang,jijik,0.8494533896446228
/kaggle/input/datasets/ejlok1/cremad/AudioWAV/1042_TSI_HAP_XX.wav,cremad,senang,takut,0.7602423429489136
/kaggle/input/datasets/ahmadnafibudianto/e-seravd-speech-emotion-recognition-av-dataset/E-SERAVD 1.1/E-SERAVD/02_Audio-Only/03_Neutral/D1990/02-03-D1990-T-0028.wav,eseravd,netral,sedih,0.718040406703949
/kaggle/input/datasets/elnathh/indowavesentiment/IndoWaveSentiment Indonesian Audio Dataset for Emotion Classification/IndoWaveSentiment/Actor_04/04-01-01-02.wav,indowavesentiment,netral,sedih,0.7721739411354065
/kaggle/input/datasets/ejlok1/cremad/AudioWAV/1080_ITS_SAD_XX.wav,cremad,sedih,jijik,0.8892794847488403
/kaggle/input/datasets/ejlok1/cremad/AudioWAV/1012_IEO_HAP_LO.wav,cremad,senang,takut,0.8152555823326111
/kaggle/input/datasets/ejlok1/cremad/AudioWAV/1059_TSI_HAP_XX.wav,cremad,senang,marah,0.7200918793678284
/kaggle/input/datasets/ejlok1/cremad/AudioWAV/1029_ITH_DIS_XX.wav,cremad,jijik,marah,0.6584407687187195
/kaggle/input/datasets/ejlok1/cremad/AudioWAV/1029_IOM_SAD_XX.wav,cremad,sedih,takut,0.7057889699935913
/kaggle/input/datasets/ejlok1/cremad/AudioWAV/1050_IEO_ANG_HI.wav,cremad,marah,takut,0.8700252175331116
/kaggle/input/datasets/ejlok1/cremad/AudioWAV/1027_IWL_HAP_XX.wav,cremad,senang,jijik,0.9248733520507812
/kaggle/input/datasets/ejlok1/cremad/AudioWAV/1011_IWW_HAP_XX.wav,cremad,senang,netral,0.6019325852394104
/kaggle/input/datasets/ejlok1/cremad/AudioWAV/1066_IWL_HAP_XX.wav,cremad,senang,takut,0.9108511805534363
/kaggle/input/datasets/ejlok1/cremad/AudioWAV/1089_MTI_SAD_XX.wav,cremad,sedih,jijik,0.6658050417900085
/kaggle/input/datasets/ejlok1/cremad/AudioWAV/1057_MTI_DIS_XX.wav,cremad,jijik,takut,0.789165198802948
/kaggle/input/datasets/ejlok1/cremad/AudioWAV/1018_IOM_HAP_XX.wav,cremad,senang,takut,0.7817729711532593
/kaggle/input/datasets/ejlok1/cremad/AudioWAV/1090_ITH_HAP_XX.wav,cremad,senang,netral,0.7965819835662842
/kaggle/input/datasets/elnathh/indowavesentiment/IndoWaveSentiment Indonesian Audio Dataset for Emotion Classification/IndoWaveSentiment/Actor_04/04-04-01-03.wav,indowavesentiment,jijik,sedih,0.9404056072235107
/kaggle/input/datasets/ejlok1/cremad/AudioWAV/1031_ITH_DIS_XX.wav,cremad,jijik,netral,0.8180030584335327
/kaggle/input/datasets/piyushagni5/berlin-database-of-emotional-speech-emodb/wav/15a02Ac.wav,emodb,takut,jijik,0.6405234932899475
/kaggle/input/datasets/ejlok1/cremad/AudioWAV/1001_TSI_SAD_XX.wav,cremad,sedih,takut,0.8924509882926941
/kaggle/input/datasets/ejlok1/cremad/AudioWAV/1036_ITH_SAD_XX.wav,cremad,sedih,takut,0.7745201587677002
/kaggle/input/datasets/ejlok1/cremad/AudioWAV/1057_WSI_SAD_XX.wav,cremad,sedih,takut,0.7818029522895813
/kaggle/input/datasets/ejlok1/cremad/AudioWAV/1001_MTI_SAD_XX.wav,cremad,sedih,takut,0.7041125893592834
/kaggle/input/datasets/uwrfkaggler/ravdess-emotional-speech-audio/Actor_20/03-01-04-01-01-02-20.wav,ravdess,sedih,netral,0.6481396555900574
/kaggle/input/datasets/ejlok1/cremad/AudioWAV/1040_IOM_SAD_XX.wav,cremad,sedih,takut,0.6244732737541199
/kaggle/input/datasets/ejlok1/cremad/AudioWAV/1013_TIE_SAD_XX.wav,cremad,sedih,jijik,0.9198713898658752
/kaggle/input/datasets/ejlok1/cremad/AudioWAV/1037_IEO_FEA_MD.wav,cremad,takut,jijik,0.8632273077964783
/kaggle/input/datasets/ejlok1/cremad/AudioWAV/1083_TSI_ANG_XX.wav,cremad,marah,jijik,0.8733230829238892
/kaggle/input/datasets/ejlok1/cremad/AudioWAV/1085_IEO_HAP_HI.wav,cremad,senang,takut,0.7565379738807678
/kaggle/input/datasets/ejlok1/cremad/AudioWAV/1081_IWL_HAP_XX.wav,cremad,senang,takut,0.6527742743492126
/kaggle/input/datasets/ejlok1/cremad/AudioWAV/1082_ITS_SAD_XX.wav,cremad,sedih,takut,0.6176441311836243
/kaggle/input/datasets/ejlok1/cremad/AudioWAV/1045_TSI_DIS_XX.wav,cremad,jijik,sedih,0.6275104284286499
/kaggle/input/datasets/ejlok1/cremad/AudioWAV/1046_TAI_HAP_XX.wav,cremad,senang,takut,0.9004108309745789
/kaggle/input/datasets/ejlok1/cremad/AudioWAV/1063_TSI_SAD_XX.wav,cremad,sedih,takut,0.7362350821495056
/kaggle/input/datasets/ejlok1/cremad/AudioWAV/1084_ITH_SAD_XX.wav,cremad,sedih,takut,0.8448404669761658
/kaggle/input/datasets/ejlok1/cremad/AudioWAV/1090_TIE_NEU_XX.wav,cremad,netral,jijik,0.7008209824562073
/kaggle/input/datasets/ejlok1/cremad/AudioWAV/1031_TAI_SAD_XX.wav,cremad,sedih,takut,0.7268384695053101
/kaggle/input/datasets/ejlok1/cremad/AudioWAV/1071_IWW_HAP_XX.wav,cremad,senang,takut,0.8652490973472595
/kaggle/input/datasets/ejlok1/cremad/AudioWAV/1075_MTI_DIS_XX.wav,cremad,jijik,takut,0.8251193165779114
/kaggle/input/datasets/elnathh/indowavesentiment/IndoWaveSentiment Indonesian Audio Dataset for Emotion Classification/IndoWaveSentiment/Actor_07/07-01-01-01.wav,indowavesentiment,netral,sedih,0.885997474193573
/kaggle/input/datasets/ejlok1/cremad/AudioWAV/1021_IEO_HAP_HI.wav,cremad,senang,marah,0.7882546782493591
/kaggle/input/datasets/ejlok1/cremad/AudioWAV/1033_DFA_SAD_XX.wav,cremad,sedih,takut,0.8333431482315063
/kaggle/input/datasets/ejlok1/cremad/AudioWAV/1006_IWL_SAD_XX.wav,cremad,sedih,jijik,0.8801814317703247
/kaggle/input/datasets/ejlok1/cremad/AudioWAV/1022_WSI_HAP_XX.wav,cremad,senang,jijik,0.6616083979606628
/kaggle/input/datasets/elnathh/indowavesentiment/IndoWaveSentiment Indonesian Audio Dataset for Emotion Classification/IndoWaveSentiment/Actor_04/04-02-02-02.wav,indowavesentiment,senang,netral,0.8732882738113403
/kaggle/input/datasets/uwrfkaggler/ravdess-emotional-speech-audio/Actor_23/03-01-05-01-02-01-23.wav,ravdess,marah,senang,0.6649821400642395
/kaggle/input/datasets/ejlok1/cremad/AudioWAV/1019_IEO_HAP_HI.wav,cremad,senang,marah,0.7566354274749756
/kaggle/input/datasets/ejlok1/cremad/AudioWAV/1083_IEO_DIS_MD.wav,cremad,jijik,takut,0.9470422863960266
/kaggle/input/datasets/ejlok1/cremad/AudioWAV/1076_TAI_HAP_XX.wav,cremad,senang,takut,0.638801634311676
/kaggle/input/datasets/ejlok1/cremad/AudioWAV/1059_IEO_SAD_HI.wav,cremad,sedih,jijik,0.9348088502883911
/kaggle/input/datasets/uwrfkaggler/ravdess-emotional-speech-audio/audio_speech_actors_01-24/Actor_20/03-01-04-01-01-02-20.wav,ravdess,sedih,netral,0.6481396555900574
/kaggle/input/datasets/ejlok1/cremad/AudioWAV/1035_TAI_HAP_XX.wav,cremad,senang,marah,0.6828033328056335
/kaggle/input/datasets/ejlok1/cremad/AudioWAV/1005_WSI_SAD_XX.wav,cremad,sedih,netral,0.7876263856887817
/kaggle/input/datasets/ejlok1/cremad/AudioWAV/1042_TAI_SAD_XX.wav,cremad,sedih,netral,0.8488301634788513
/kaggle/input/datasets/ejlok1/cremad/AudioWAV/1070_DFA_SAD_XX.wav,cremad,sedih,netral,0.7805395126342773
/kaggle/input/datasets/ejlok1/cremad/AudioWAV/1021_IOM_DIS_XX.wav,cremad,jijik,takut,0.9789513945579529
/kaggle/input/datasets/ejlok1/cremad/AudioWAV/1068_DFA_SAD_XX.wav,cremad,sedih,takut,0.6109400987625122
/kaggle/input/datasets/ejlok1/cremad/AudioWAV/1035_TSI_SAD_XX.wav,cremad,sedih,jijik,0.9601878523826599
/kaggle/input/datasets/ejlok1/cremad/AudioWAV/1064_TIE_SAD_XX.wav,cremad,sedih,netral,0.6525900959968567
/kaggle/input/datasets/ejlok1/cremad/AudioWAV/1028_WSI_HAP_XX.wav,cremad,senang,takut,0.878051221370697
/kaggle/input/datasets/ejlok1/cremad/AudioWAV/1035_WSI_SAD_XX.wav,cremad,sedih,jijik,0.9684057831764221
/kaggle/input/datasets/ejlok1/cremad/AudioWAV/1060_IEO_FEA_HI.wav,cremad,takut,marah,0.9061744213104248
/kaggle/input/datasets/ejlok1/cremad/AudioWAV/1067_TAI_HAP_XX.wav,cremad,senang,takut,0.7354236245155334
/kaggle/input/datasets/ejlok1/cremad/AudioWAV/1064_TSI_HAP_XX.wav,cremad,senang,jijik,0.7339760661125183
/kaggle/input/datasets/ejlok1/cremad/AudioWAV/1086_IEO_HAP_MD.wav,cremad,senang,marah,0.6710739135742188
/kaggle/input/datasets/ejlok1/cremad/AudioWAV/1044_IEO_SAD_MD.wav,cremad,sedih,takut,0.844404935836792
/kaggle/input/datasets/ejlok1/cremad/AudioWAV/1017_TSI_SAD_XX.wav,cremad,sedih,netral,0.8132922053337097
/kaggle/input/datasets/ejlok1/cremad/AudioWAV/1042_ITH_SAD_XX.wav,cremad,sedih,netral,0.8297711610794067
/kaggle/input/datasets/ejlok1/cremad/AudioWAV/1030_IWL_SAD_XX.wav,cremad,sedih,jijik,0.8983635306358337
/kaggle/input/datasets/elnathh/indowavesentiment/IndoWaveSentiment Indonesian Audio Dataset for Emotion Classification/IndoWaveSentiment/Actor_10/10-02-02-01.wav,indowavesentiment,senang,marah,0.7279280424118042
/kaggle/input/datasets/ejlok1/cremad/AudioWAV/1032_MTI_ANG_XX.wav,cremad,marah,jijik,0.8264397382736206
/kaggle/input/datasets/ejlok1/cremad/AudioWAV/1072_TSI_HAP_XX.wav,cremad,senang,takut,0.8764364123344421
/kaggle/input/datasets/ejlok1/cremad/AudioWAV/1032_TIE_NEU_XX.wav,cremad,netral,takut,0.6608456373214722
/kaggle/input/datasets/ejlok1/cremad/AudioWAV/1028_IWW_SAD_XX.wav,cremad,sedih,takut,0.6641970276832581
/kaggle/input/datasets/ejlok1/cremad/AudioWAV/1069_TSI_HAP_XX.wav,cremad,senang,takut,0.7342405915260315
/kaggle/input/datasets/ejlok1/cremad/AudioWAV/1062_IEO_SAD_HI.wav,cremad,sedih,takut,0.7747015953063965
/kaggle/input/datasets/ejlok1/cremad/AudioWAV/1058_TSI_SAD_XX.wav,cremad,sedih,jijik,0.9250699281692505
/kaggle/input/datasets/ejlok1/cremad/AudioWAV/1015_IEO_HAP_LO.wav,cremad,senang,takut,0.8948439359664917
/kaggle/input/datasets/ejlok1/cremad/AudioWAV/1044_ITH_SAD_XX.wav,cremad,sedih,takut,0.6778400540351868
/kaggle/input/datasets/ejlok1/cremad/AudioWAV/1076_MTI_HAP_XX.wav,cremad,senang,takut,0.7808634042739868
/kaggle/input/datasets/ejlok1/cremad/AudioWAV/1084_MTI_HAP_XX.wav,cremad,senang,jijik,0.9093045592308044
/kaggle/input/datasets/ejlok1/cremad/AudioWAV/1067_IEO_HAP_HI.wav,cremad,senang,takut,0.800456702709198
/kaggle/input/datasets/ejlok1/cremad/AudioWAV/1023_IWW_SAD_XX.wav,cremad,sedih,jijik,0.6684001684188843
/kaggle/input/datasets/ejlok1/cremad/AudioWAV/1032_IWW_SAD_XX.wav,cremad,sedih,takut,0.8462338447570801
/kaggle/input/datasets/ejlok1/cremad/AudioWAV/1080_IOM_SAD_XX.wav,cremad,sedih,jijik,0.8268990516662598
/kaggle/input/datasets/ejlok1/cremad/AudioWAV/1007_TAI_HAP_XX.wav,cremad,senang,jijik,0.7560542821884155
/kaggle/input/datasets/ejlok1/cremad/AudioWAV/1082_TSI_HAP_XX.wav,cremad,senang,netral,0.649531900882721
/kaggle/input/datasets/ejlok1/cremad/AudioWAV/1066_ITH_ANG_XX.wav,cremad,marah,takut,0.8499581217765808
/kaggle/input/datasets/ejlok1/cremad/AudioWAV/1036_TAI_SAD_XX.wav,cremad,sedih,jijik,0.9652921557426453
/kaggle/input/datasets/ejlok1/cremad/AudioWAV/1090_MTI_NEU_XX.wav,cremad,netral,senang,0.6827903985977173
/kaggle/input/datasets/ejlok1/cremad/AudioWAV/1057_TSI_SAD_XX.wav,cremad,sedih,takut,0.6152797341346741
/kaggle/input/datasets/ejlok1/cremad/AudioWAV/1025_TAI_DIS_XX.wav,cremad,jijik,takut,0.9710889458656311
/kaggle/input/datasets/ejlok1/cremad/AudioWAV/1009_ITH_SAD_XX.wav,cremad,sedih,takut,0.8195186853408813
/kaggle/input/datasets/ejlok1/cremad/AudioWAV/1077_IEO_SAD_MD.wav,cremad,sedih,takut,0.8737632036209106
/kaggle/input/datasets/ejlok1/cremad/AudioWAV/1069_IWL_SAD_XX.wav,cremad,sedih,takut,0.6660354137420654
/kaggle/input/datasets/ejlok1/cremad/AudioWAV/1033_IOM_SAD_XX.wav,cremad,sedih,takut,0.6939501166343689
/kaggle/input/datasets/ejlok1/cremad/AudioWAV/1063_TAI_SAD_XX.wav,cremad,sedih,takut,0.8596731424331665
/kaggle/input/datasets/ejlok1/cremad/AudioWAV/1002_MTI_SAD_XX.wav,cremad,sedih,takut,0.8031064867973328
/kaggle/input/datasets/ejlok1/cremad/AudioWAV/1021_IEO_HAP_MD.wav,cremad,senang,jijik,0.6449960470199585
/kaggle/input/datasets/ejlok1/cremad/AudioWAV/1086_IWL_SAD_XX.wav,cremad,sedih,takut,0.7951279878616333
/kaggle/input/datasets/ejlok1/cremad/AudioWAV/1048_ITH_SAD_XX.wav,cremad,sedih,takut,0.7500923275947571
/kaggle/input/datasets/ejlok1/cremad/AudioWAV/1059_DFA_HAP_XX.wav,cremad,senang,takut,0.701187789440155
/kaggle/input/datasets/ejlok1/cremad/AudioWAV/1085_TAI_HAP_XX.wav,cremad,senang,jijik,0.8213006258010864
/kaggle/input/datasets/ejlok1/cremad/AudioWAV/1083_TIE_SAD_XX.wav,cremad,sedih,jijik,0.9210242629051208
/kaggle/input/datasets/ejlok1/cremad/AudioWAV/1057_DFA_HAP_XX.wav,cremad,senang,takut,0.8404701948165894
/kaggle/input/datasets/ejlok1/cremad/AudioWAV/1026_IOM_SAD_XX.wav,cremad,sedih,jijik,0.9427238702774048
/kaggle/input/datasets/ejlok1/cremad/AudioWAV/1032_TSI_SAD_XX.wav,cremad,sedih,jijik,0.9502155184745789
/kaggle/input/datasets/ejlok1/cremad/AudioWAV/1061_IOM_SAD_XX.wav,cremad,sedih,takut,0.6719167828559875
/kaggle/input/datasets/ejlok1/cremad/AudioWAV/1026_WSI_HAP_XX.wav,cremad,senang,takut,0.8487778306007385
/kaggle/input/datasets/ejlok1/cremad/AudioWAV/1010_ITS_SAD_XX.wav,cremad,sedih,takut,0.9588097333908081
/kaggle/input/datasets/ejlok1/cremad/AudioWAV/1066_TSI_SAD_XX.wav,cremad,sedih,takut,0.6737567782402039
/kaggle/input/datasets/ejlok1/cremad/AudioWAV/1034_DFA_SAD_XX.wav,cremad,sedih,jijik,0.7100885510444641
/kaggle/input/datasets/ejlok1/cremad/AudioWAV/1062_IWW_SAD_XX.wav,cremad,sedih,takut,0.783610463142395
/kaggle/input/datasets/ejlok1/cremad/AudioWAV/1046_IWW_DIS_XX.wav,cremad,jijik,netral,0.7792012095451355
/kaggle/input/datasets/ejlok1/cremad/AudioWAV/1091_TSI_SAD_XX.wav,cremad,sedih,takut,0.9300041794776917
/kaggle/input/datasets/ejlok1/cremad/AudioWAV/1076_IOM_SAD_XX.wav,cremad,sedih,jijik,0.9617775082588196
/kaggle/input/datasets/elnathh/indowavesentiment/IndoWaveSentiment Indonesian Audio Dataset for Emotion Classification/IndoWaveSentiment/Actor_06/06-04-01-02.wav,indowavesentiment,jijik,sedih,0.8040677309036255
/kaggle/input/datasets/ejlok1/cremad/AudioWAV/1006_ITS_SAD_XX.wav,cremad,sedih,jijik,0.9736402630805969
/kaggle/input/datasets/elnathh/indowavesentiment/IndoWaveSentiment Indonesian Audio Dataset for Emotion Classification/IndoWaveSentiment/Actor_02/02-04-01-02.wav,indowavesentiment,jijik,sedih,0.6121451258659363
/kaggle/input/datasets/ejlok1/cremad/AudioWAV/1082_WSI_DIS_XX.wav,cremad,jijik,marah,0.8722507357597351
/kaggle/input/datasets/ejlok1/cremad/AudioWAV/1066_IWL_DIS_XX.wav,cremad,jijik,takut,0.9560002684593201
/kaggle/input/datasets/ejlok1/cremad/AudioWAV/1006_DFA_SAD_XX.wav,cremad,sedih,jijik,0.9519683718681335
/kaggle/input/datasets/ejlok1/cremad/AudioWAV/1086_WSI_SAD_XX.wav,cremad,sedih,jijik,0.7889606952667236
/kaggle/input/datasets/ejlok1/cremad/AudioWAV/1002_IWL_SAD_XX.wav,cremad,sedih,takut,0.7631889581680298
/kaggle/input/datasets/ejlok1/cremad/AudioWAV/1056_IEO_DIS_MD.wav,cremad,jijik,marah,0.697651207447052
/kaggle/input/datasets/ejlok1/cremad/AudioWAV/1049_ITH_SAD_XX.wav,cremad,sedih,takut,0.8226629495620728
/kaggle/input/datasets/elnathh/indowavesentiment/IndoWaveSentiment Indonesian Audio Dataset for Emotion Classification/IndoWaveSentiment/Actor_07/07-04-01-03.wav,indowavesentiment,jijik,sedih,0.9112701416015625
/kaggle/input/datasets/ejlok1/cremad/AudioWAV/1073_ITS_SAD_XX.wav,cremad,sedih,netral,0.8088518977165222
/kaggle/input/datasets/uwrfkaggler/ravdess-emotional-speech-audio/audio_speech_actors_01-24/Actor_17/03-01-04-01-01-02-17.wav,ravdess,sedih,takut,0.774604082107544
/kaggle/input/datasets/ejlok1/cremad/AudioWAV/1056_MTI_DIS_XX.wav,cremad,jijik,marah,0.7577272057533264
/kaggle/input/datasets/ejlok1/cremad/AudioWAV/1067_IEO_SAD_MD.wav,cremad,sedih,jijik,0.9556320905685425
/kaggle/input/datasets/ejlok1/cremad/AudioWAV/1034_IWW_HAP_XX.wav,cremad,senang,jijik,0.833648145198822
/kaggle/input/datasets/ejlok1/cremad/AudioWAV/1016_TSI_HAP_XX.wav,cremad,senang,takut,0.7383898496627808
/kaggle/input/datasets/ejlok1/cremad/AudioWAV/1054_MTI_SAD_XX.wav,cremad,sedih,takut,0.8860756754875183
/kaggle/input/datasets/uwrfkaggler/ravdess-emotional-speech-audio/Actor_09/03-01-03-01-02-02-09.wav,ravdess,senang,sedih,0.7230848073959351
/kaggle/input/datasets/ejlok1/cremad/AudioWAV/1086_IEO_SAD_MD.wav,cremad,sedih,jijik,0.6973510384559631
/kaggle/input/datasets/ejlok1/cremad/AudioWAV/1026_WSI_SAD_XX.wav,cremad,sedih,takut,0.7469123601913452
/kaggle/input/datasets/ejlok1/cremad/AudioWAV/1072_IEO_SAD_MD.wav,cremad,sedih,takut,0.8485669493675232
/kaggle/input/datasets/ejlok1/cremad/AudioWAV/1056_IOM_SAD_XX.wav,cremad,sedih,netral,0.6223863363265991
/kaggle/input/datasets/ejlok1/cremad/AudioWAV/1009_IOM_DIS_XX.wav,cremad,jijik,marah,0.6704692244529724
/kaggle/input/datasets/ejlok1/cremad/AudioWAV/1034_WSI_HAP_XX.wav,cremad,senang,jijik,0.622577428817749
/kaggle/input/datasets/ejlok1/cremad/AudioWAV/1091_MTI_HAP_XX.wav,cremad,senang,takut,0.8469300866127014
/kaggle/input/datasets/ejlok1/cremad/AudioWAV/1040_WSI_HAP_XX.wav,cremad,senang,takut,0.9044279456138611
/kaggle/input/datasets/piyushagni5/berlin-database-of-emotional-speech-emodb/wav/10a02Fa.wav,emodb,senang,takut,0.6176159381866455
/kaggle/input/datasets/ejlok1/cremad/AudioWAV/1054_IOM_HAP_XX.wav,cremad,senang,takut,0.8349680304527283
/kaggle/input/datasets/ejlok1/cremad/AudioWAV/1044_IWL_DIS_XX.wav,cremad,jijik,marah,0.6147617697715759
/kaggle/input/datasets/ejlok1/cremad/AudioWAV/1067_WSI_SAD_XX.wav,cremad,sedih,netral,0.759070098400116
/kaggle/input/datasets/ejlok1/cremad/AudioWAV/1062_IEO_SAD_MD.wav,cremad,sedih,takut,0.9190290570259094
/kaggle/input/datasets/ejlok1/cremad/AudioWAV/1001_ITS_SAD_XX.wav,cremad,sedih,takut,0.9600476026535034
/kaggle/input/datasets/ejlok1/cremad/AudioWAV/1031_IEO_DIS_MD.wav,cremad,jijik,takut,0.8376314640045166
/kaggle/input/datasets/ejlok1/cremad/AudioWAV/1040_TAI_SAD_XX.wav,cremad,sedih,takut,0.7086067199707031
/kaggle/input/datasets/ahmadnafibudianto/e-seravd-speech-emotion-recognition-av-dataset/E-SERAVD 1.1/E-SERAVD/02_Audio-Only/01_Angry/AADC/02-01-AADC-T-0002.wav,eseravd,marah,sedih,0.6244950890541077
/kaggle/input/datasets/ejlok1/cremad/AudioWAV/1042_IWW_ANG_XX.wav,cremad,marah,jijik,0.698317289352417
/kaggle/input/datasets/ejlok1/cremad/AudioWAV/1013_ITH_SAD_XX.wav,cremad,sedih,jijik,0.7080296874046326
/kaggle/input/datasets/ejlok1/cremad/AudioWAV/1027_ITH_SAD_XX.wav,cremad,sedih,jijik,0.8611992597579956
/kaggle/input/datasets/ejlok1/cremad/AudioWAV/1003_TAI_SAD_XX.wav,cremad,sedih,jijik,0.7814064621925354
/kaggle/input/datasets/ejlok1/cremad/AudioWAV/1049_IEO_SAD_HI.wav,cremad,sedih,takut,0.6766931414604187
/kaggle/input/datasets/ejlok1/cremad/AudioWAV/1035_IEO_SAD_MD.wav,cremad,sedih,takut,0.7481215000152588
/kaggle/input/datasets/uwrfkaggler/ravdess-emotional-speech-audio/audio_speech_actors_01-24/Actor_17/03-01-04-02-01-01-17.wav,ravdess,sedih,takut,0.7244229912757874
/kaggle/input/datasets/ejlok1/cremad/AudioWAV/1075_TIE_DIS_XX.wav,cremad,jijik,sedih,0.7214089035987854
/kaggle/input/datasets/elnathh/indowavesentiment/IndoWaveSentiment Indonesian Audio Dataset for Emotion Classification/IndoWaveSentiment/Actor_04/04-04-02-03.wav,indowavesentiment,jijik,sedih,0.9246559143066406
/kaggle/input/datasets/ejlok1/cremad/AudioWAV/1041_TSI_HAP_XX.wav,cremad,senang,takut,0.8944805860519409
/kaggle/input/datasets/uwrfkaggler/ravdess-emotional-speech-audio/audio_speech_actors_01-24/Actor_10/03-01-04-01-01-02-10.wav,ravdess,sedih,netral,0.8739182949066162
/kaggle/input/datasets/ejlok1/cremad/AudioWAV/1039_IWL_SAD_XX.wav,cremad,sedih,takut,0.9241144061088562
/kaggle/input/datasets/ejlok1/cremad/AudioWAV/1053_DFA_SAD_XX.wav,cremad,sedih,takut,0.6466790437698364
/kaggle/input/datasets/ejlok1/cremad/AudioWAV/1002_ITS_SAD_XX.wav,cremad,sedih,takut,0.717864453792572
/kaggle/input/datasets/ejlok1/cremad/AudioWAV/1082_TIE_SAD_XX.wav,cremad,sedih,takut,0.614146888256073
/kaggle/input/datasets/ejlok1/cremad/AudioWAV/1001_WSI_HAP_XX.wav,cremad,senang,takut,0.6038898825645447
/kaggle/input/datasets/elnathh/indowavesentiment/IndoWaveSentiment Indonesian Audio Dataset for Emotion Classification/IndoWaveSentiment/Actor_02/02-05-01-01.wav,indowavesentiment,sedih,netral,0.6597256064414978
/kaggle/input/datasets/ejlok1/cremad/AudioWAV/1090_TSI_HAP_XX.wav,cremad,senang,takut,0.7953535318374634
/kaggle/input/datasets/ejlok1/cremad/AudioWAV/1001_TIE_SAD_XX.wav,cremad,sedih,takut,0.960029125213623
/kaggle/input/datasets/ejlok1/cremad/AudioWAV/1011_IEO_SAD_HI.wav,cremad,sedih,marah,0.8784282803535461
/kaggle/input/datasets/ejlok1/cremad/AudioWAV/1047_TAI_SAD_XX.wav,cremad,sedih,takut,0.6479015946388245
/kaggle/input/datasets/ejlok1/cremad/AudioWAV/1027_MTI_NEU_XX.wav,cremad,netral,marah,0.7048889994621277
/kaggle/input/datasets/ejlok1/cremad/AudioWAV/1033_TSI_SAD_XX.wav,cremad,sedih,takut,0.8561698794364929
/kaggle/input/datasets/ejlok1/cremad/AudioWAV/1031_MTI_HAP_XX.wav,cremad,senang,takut,0.8599764704704285
/kaggle/input/datasets/ejlok1/cremad/AudioWAV/1060_WSI_DIS_XX.wav,cremad,jijik,netral,0.8910068869590759
/kaggle/input/datasets/ejlok1/cremad/AudioWAV/1004_TAI_SAD_XX.wav,cremad,sedih,jijik,0.9514244794845581
/kaggle/input/datasets/elnathh/indowavesentiment/IndoWaveSentiment Indonesian Audio Dataset for Emotion Classification/IndoWaveSentiment/Actor_10/10-02-01-02.wav,indowavesentiment,senang,netral,0.945771336555481
/kaggle/input/datasets/ejlok1/cremad/AudioWAV/1067_TSI_SAD_XX.wav,cremad,sedih,takut,0.9684649705886841
/kaggle/input/datasets/elnathh/indowavesentiment/IndoWaveSentiment Indonesian Audio Dataset for Emotion Classification/IndoWaveSentiment/Actor_07/07-02-02-03.wav,indowavesentiment,senang,netral,0.6555178165435791
/kaggle/input/datasets/ejlok1/cremad/AudioWAV/1080_WSI_SAD_XX.wav,cremad,sedih,jijik,0.607706606388092
/kaggle/input/datasets/ejlok1/cremad/AudioWAV/1007_TIE_HAP_XX.wav,cremad,senang,jijik,0.7439135909080505
/kaggle/input/datasets/ejlok1/cremad/AudioWAV/1009_TAI_HAP_XX.wav,cremad,senang,takut,0.6019424796104431
/kaggle/input/datasets/ejlok1/cremad/AudioWAV/1065_ITS_HAP_XX.wav,cremad,senang,takut,0.9609566926956177
/kaggle/input/datasets/ejlok1/cremad/AudioWAV/1066_IEO_SAD_HI.wav,cremad,sedih,takut,0.7766640186309814
/kaggle/input/datasets/ejlok1/cremad/AudioWAV/1087_MTI_ANG_XX.wav,cremad,marah,jijik,0.8875805139541626
/kaggle/input/datasets/ejlok1/cremad/AudioWAV/1014_TSI_HAP_XX.wav,cremad,senang,takut,0.9371640682220459
/kaggle/input/datasets/ejlok1/cremad/AudioWAV/1023_TIE_SAD_XX.wav,cremad,sedih,jijik,0.6526110172271729
/kaggle/input/datasets/ejlok1/cremad/AudioWAV/1020_IWL_HAP_XX.wav,cremad,senang,jijik,0.6799250841140747
/kaggle/input/datasets/ejlok1/cremad/AudioWAV/1004_TAI_HAP_XX.wav,cremad,senang,takut,0.955433189868927
/kaggle/input/datasets/ejlok1/cremad/AudioWAV/1064_TAI_SAD_XX.wav,cremad,sedih,jijik,0.975284218788147
/kaggle/input/datasets/ejlok1/cremad/AudioWAV/1051_TIE_DIS_XX.wav,cremad,jijik,takut,0.8704890012741089
/kaggle/input/datasets/ejlok1/cremad/AudioWAV/1002_MTI_NEU_XX.wav,cremad,netral,takut,0.9241910576820374
/kaggle/input/datasets/ejlok1/cremad/AudioWAV/1003_ITH_ANG_XX.wav,cremad,marah,takut,0.6841946840286255
/kaggle/input/datasets/ejlok1/cremad/AudioWAV/1076_IWW_HAP_XX.wav,cremad,senang,marah,0.8643077611923218
/kaggle/input/datasets/elnathh/indowavesentiment/IndoWaveSentiment Indonesian Audio Dataset for Emotion Classification/IndoWaveSentiment/Actor_07/07-01-01-02.wav,indowavesentiment,netral,sedih,0.9073249101638794
/kaggle/input/datasets/ejlok1/cremad/AudioWAV/1087_IWL_ANG_XX.wav,cremad,marah,netral,0.7288285493850708
/kaggle/input/datasets/ejlok1/cremad/AudioWAV/1003_DFA_HAP_XX.wav,cremad,senang,takut,0.9545449614524841
/kaggle/input/datasets/ejlok1/cremad/AudioWAV/1069_DFA_NEU_XX.wav,cremad,netral,marah,0.82099848985672
/kaggle/input/datasets/ejlok1/cremad/AudioWAV/1046_IEO_HAP_HI.wav,cremad,senang,takut,0.6586295962333679
/kaggle/input/datasets/ejlok1/cremad/AudioWAV/1078_MTI_HAP_XX.wav,cremad,senang,takut,0.7738054394721985
/kaggle/input/datasets/ejlok1/cremad/AudioWAV/1047_TSI_HAP_XX.wav,cremad,senang,marah,0.6716023087501526
/kaggle/input/datasets/elnathh/indowavesentiment/IndoWaveSentiment Indonesian Audio Dataset for Emotion Classification/IndoWaveSentiment/Actor_03/03-04-02-01.wav,indowavesentiment,jijik,sedih,0.8537722826004028
/kaggle/input/datasets/elnathh/indowavesentiment/IndoWaveSentiment Indonesian Audio Dataset for Emotion Classification/IndoWaveSentiment/Actor_05/05-04-02-02.wav,indowavesentiment,jijik,sedih,0.7585499286651611
/kaggle/input/datasets/ejlok1/cremad/AudioWAV/1055_MTI_SAD_XX.wav,cremad,sedih,takut,0.6156911253929138
/kaggle/input/datasets/elnathh/indowavesentiment/IndoWaveSentiment Indonesian Audio Dataset for Emotion Classification/IndoWaveSentiment/Actor_09/09-04-02-03.wav,indowavesentiment,jijik,sedih,0.8286835551261902
/kaggle/input/datasets/ejlok1/cremad/AudioWAV/1012_TSI_SAD_XX.wav,cremad,sedih,takut,0.8499159812927246
/kaggle/input/datasets/ejlok1/cremad/AudioWAV/1072_WSI_SAD_XX.wav,cremad,sedih,jijik,0.6626947522163391
/kaggle/input/datasets/ejlok1/cremad/AudioWAV/1084_TIE_SAD_XX.wav,cremad,sedih,netral,0.6334349513053894
/kaggle/input/datasets/ejlok1/cremad/AudioWAV/1009_IEO_SAD_MD.wav,cremad,sedih,takut,0.7825472950935364
/kaggle/input/datasets/ejlok1/cremad/AudioWAV/1035_TIE_FEA_XX.wav,cremad,takut,senang,0.6885037422180176
/kaggle/input/datasets/ejlok1/cremad/AudioWAV/1069_IEO_ANG_HI.wav,cremad,marah,takut,0.6665250062942505
/kaggle/input/datasets/ejlok1/cremad/AudioWAV/1083_WSI_HAP_XX.wav,cremad,senang,netral,0.7331247329711914
/kaggle/input/datasets/ejlok1/cremad/AudioWAV/1068_TSI_DIS_XX.wav,cremad,jijik,takut,0.6911976933479309
/kaggle/input/datasets/ejlok1/cremad/AudioWAV/1058_IEO_HAP_HI.wav,cremad,senang,takut,0.916957437992096
/kaggle/input/datasets/ejlok1/cremad/AudioWAV/1041_IEO_HAP_HI.wav,cremad,senang,jijik,0.8405855298042297
/kaggle/input/datasets/ejlok1/cremad/AudioWAV/1058_IWW_HAP_XX.wav,cremad,senang,takut,0.9000020623207092
/kaggle/input/datasets/uwrfkaggler/ravdess-emotional-speech-audio/audio_speech_actors_01-24/Actor_14/03-01-04-02-02-01-14.wav,ravdess,sedih,jijik,0.7592676877975464
/kaggle/input/datasets/ejlok1/cremad/AudioWAV/1046_IEO_HAP_MD.wav,cremad,senang,takut,0.814177930355072
/kaggle/input/datasets/ejlok1/cremad/AudioWAV/1018_IEO_SAD_LO.wav,cremad,sedih,takut,0.7491132020950317
/kaggle/input/datasets/ejlok1/cremad/AudioWAV/1083_IWW_ANG_XX.wav,cremad,marah,jijik,0.9591194987297058
/kaggle/input/datasets/ejlok1/cremad/AudioWAV/1008_IOM_HAP_XX.wav,cremad,senang,marah,0.6545740962028503
/kaggle/input/datasets/ejlok1/cremad/AudioWAV/1073_TIE_SAD_XX.wav,cremad,sedih,takut,0.7838648557662964
/kaggle/input/datasets/ejlok1/cremad/AudioWAV/1068_WSI_DIS_XX.wav,cremad,jijik,takut,0.7952104210853577
/kaggle/input/datasets/piyushagni5/berlin-database-of-emotional-speech-emodb/wav/15a07Fa.wav,emodb,senang,marah,0.7175970673561096
/kaggle/input/datasets/ejlok1/cremad/AudioWAV/1031_IWW_HAP_XX.wav,cremad,senang,takut,0.8118143081665039
/kaggle/input/datasets/ejlok1/cremad/AudioWAV/1023_WSI_DIS_XX.wav,cremad,jijik,senang,0.7549479603767395
/kaggle/input/datasets/elnathh/indowavesentiment/IndoWaveSentiment Indonesian Audio Dataset for Emotion Classification/IndoWaveSentiment/Actor_01/01-05-02-01.wav,indowavesentiment,sedih,netral,0.8487188220024109
/kaggle/input/datasets/ejlok1/cremad/AudioWAV/1077_TAI_SAD_XX.wav,cremad,sedih,takut,0.6454434394836426
/kaggle/input/datasets/ejlok1/cremad/AudioWAV/1020_IEO_SAD_HI.wav,cremad,sedih,jijik,0.8954931497573853
/kaggle/input/datasets/ejlok1/cremad/AudioWAV/1067_DFA_HAP_XX.wav,cremad,senang,takut,0.6616149544715881
/kaggle/input/datasets/ejlok1/cremad/AudioWAV/1062_ITS_SAD_XX.wav,cremad,sedih,netral,0.6777456998825073
/kaggle/input/datasets/ejlok1/cremad/AudioWAV/1052_ITS_HAP_XX.wav,cremad,senang,takut,0.7427889108657837
/kaggle/input/datasets/ejlok1/cremad/AudioWAV/1091_IWW_DIS_XX.wav,cremad,jijik,takut,0.9004966616630554
/kaggle/input/datasets/ejlok1/cremad/AudioWAV/1007_IWL_SAD_XX.wav,cremad,sedih,jijik,0.7098788022994995
/kaggle/input/datasets/ejlok1/cremad/AudioWAV/1029_TIE_HAP_XX.wav,cremad,senang,takut,0.8067175149917603
/kaggle/input/datasets/ejlok1/cremad/AudioWAV/1090_TSI_NEU_XX.wav,cremad,netral,takut,0.6012484431266785
/kaggle/input/datasets/elnathh/indowavesentiment/IndoWaveSentiment Indonesian Audio Dataset for Emotion Classification/IndoWaveSentiment/Actor_03/03-04-02-02.wav,indowavesentiment,jijik,sedih,0.6588441133499146
/kaggle/input/datasets/ejlok1/cremad/AudioWAV/1003_ITS_SAD_XX.wav,cremad,sedih,takut,0.6024859547615051
/kaggle/input/datasets/ejlok1/cremad/AudioWAV/1004_IOM_SAD_XX.wav,cremad,sedih,takut,0.7364633679389954
/kaggle/input/datasets/ejlok1/cremad/AudioWAV/1086_IEO_HAP_HI.wav,cremad,senang,takut,0.6708954572677612
/kaggle/input/datasets/ejlok1/cremad/AudioWAV/1070_IOM_SAD_XX.wav,cremad,sedih,netral,0.7558742761611938
/kaggle/input/datasets/ejlok1/cremad/AudioWAV/1055_MTI_DIS_XX.wav,cremad,jijik,marah,0.8880553245544434
/kaggle/input/datasets/ejlok1/cremad/AudioWAV/1029_IOM_HAP_XX.wav,cremad,senang,takut,0.6938401460647583
/kaggle/input/datasets/ejlok1/cremad/AudioWAV/1037_ITS_SAD_XX.wav,cremad,sedih,takut,0.827190637588501
/kaggle/input/datasets/ejlok1/cremad/AudioWAV/1086_IEO_SAD_HI.wav,cremad,sedih,takut,0.887199342250824
/kaggle/input/datasets/ejlok1/cremad/AudioWAV/1038_IEO_HAP_MD.wav,cremad,senang,jijik,0.8910266757011414
/kaggle/input/datasets/ejlok1/cremad/AudioWAV/1029_TSI_NEU_XX.wav,cremad,netral,marah,0.7110921740531921
/kaggle/input/datasets/ejlok1/cremad/AudioWAV/1034_IEO_SAD_MD.wav,cremad,sedih,jijik,0.8227156400680542
/kaggle/input/datasets/elnathh/indowavesentiment/IndoWaveSentiment Indonesian Audio Dataset for Emotion Classification/IndoWaveSentiment/Actor_09/09-04-01-02.wav,indowavesentiment,jijik,sedih,0.7409040927886963
/kaggle/input/datasets/ejlok1/cremad/AudioWAV/1015_MTI_SAD_XX.wav,cremad,sedih,takut,0.8311557173728943
/kaggle/input/datasets/ejlok1/cremad/AudioWAV/1035_IWW_SAD_XX.wav,cremad,sedih,jijik,0.982828676700592
/kaggle/input/datasets/ejlok1/cremad/AudioWAV/1041_DFA_SAD_XX.wav,cremad,sedih,takut,0.6519362926483154
/kaggle/input/datasets/ejlok1/cremad/AudioWAV/1067_IOM_SAD_XX.wav,cremad,sedih,takut,0.9664375185966492
/kaggle/input/datasets/ejlok1/cremad/AudioWAV/1006_TSI_ANG_XX.wav,cremad,marah,takut,0.7636356353759766
/kaggle/input/datasets/ejlok1/cremad/AudioWAV/1067_IEO_SAD_HI.wav,cremad,sedih,takut,0.959479033946991
/kaggle/input/datasets/ejlok1/cremad/AudioWAV/1006_ITH_SAD_XX.wav,cremad,sedih,takut,0.8176429867744446
/kaggle/input/datasets/ejlok1/cremad/AudioWAV/1002_IWW_SAD_XX.wav,cremad,sedih,takut,0.8712630867958069
/kaggle/input/datasets/elnathh/indowavesentiment/IndoWaveSentiment Indonesian Audio Dataset for Emotion Classification/IndoWaveSentiment/Actor_04/04-04-02-02.wav,indowavesentiment,jijik,sedih,0.8918760418891907
/kaggle/input/datasets/ejlok1/cremad/AudioWAV/1013_TIE_HAP_XX.wav,cremad,senang,takut,0.7872217893600464
/kaggle/input/datasets/ejlok1/cremad/AudioWAV/1045_MTI_HAP_XX.wav,cremad,senang,jijik,0.7959023118019104
/kaggle/input/datasets/ejlok1/cremad/AudioWAV/1069_WSI_SAD_XX.wav,cremad,sedih,takut,0.9697186946868896
/kaggle/input/datasets/ejlok1/cremad/AudioWAV/1027_ITS_SAD_XX.wav,cremad,sedih,takut,0.6231746077537537
/kaggle/input/datasets/ejlok1/cremad/AudioWAV/1050_IEO_HAP_MD.wav,cremad,senang,jijik,0.7585967183113098
/kaggle/input/datasets/ejlok1/cremad/AudioWAV/1029_ITS_DIS_XX.wav,cremad,jijik,marah,0.8476678133010864
/kaggle/input/datasets/ejlok1/cremad/AudioWAV/1039_IEO_ANG_MD.wav,cremad,marah,takut,0.9585983753204346
/kaggle/input/datasets/elnathh/indowavesentiment/IndoWaveSentiment Indonesian Audio Dataset for Emotion Classification/IndoWaveSentiment/Actor_05/05-02-01-01.wav,indowavesentiment,senang,netral,0.7711359858512878
/kaggle/input/datasets/elnathh/indowavesentiment/IndoWaveSentiment Indonesian Audio Dataset for Emotion Classification/IndoWaveSentiment/Actor_08/08-04-01-02.wav,indowavesentiment,jijik,sedih,0.6710565090179443
/kaggle/input/datasets/ejlok1/cremad/AudioWAV/1032_WSI_HAP_XX.wav,cremad,senang,takut,0.6051201224327087
/kaggle/input/datasets/ejlok1/cremad/AudioWAV/1040_MTI_HAP_XX.wav,cremad,senang,takut,0.8779917359352112
/kaggle/input/datasets/ejlok1/cremad/AudioWAV/1075_TIE_FEA_XX.wav,cremad,takut,netral,0.9361498951911926
/kaggle/input/datasets/ejlok1/cremad/AudioWAV/1051_ITS_SAD_XX.wav,cremad,sedih,netral,0.7664231061935425
/kaggle/input/datasets/ejlok1/cremad/AudioWAV/1075_IEO_NEU_XX.wav,cremad,netral,senang,0.7058958411216736
/kaggle/input/datasets/ejlok1/cremad/AudioWAV/1038_TAI_SAD_XX.wav,cremad,sedih,takut,0.6568265557289124
/kaggle/input/datasets/ejlok1/cremad/AudioWAV/1033_TIE_HAP_XX.wav,cremad,senang,takut,0.6688960790634155
/kaggle/input/datasets/elnathh/indowavesentiment/IndoWaveSentiment Indonesian Audio Dataset for Emotion Classification/IndoWaveSentiment/Actor_06/06-04-02-02.wav,indowavesentiment,jijik,sedih,0.7129950523376465
/kaggle/input/datasets/ejlok1/cremad/AudioWAV/1069_TSI_SAD_XX.wav,cremad,sedih,takut,0.71095871925354
/kaggle/input/datasets/ejlok1/cremad/AudioWAV/1012_DFA_SAD_XX.wav,cremad,sedih,takut,0.8431413173675537
/kaggle/input/datasets/ejlok1/cremad/AudioWAV/1036_MTI_HAP_XX.wav,cremad,senang,takut,0.6562293171882629
/kaggle/input/datasets/ejlok1/cremad/AudioWAV/1042_IWL_SAD_XX.wav,cremad,sedih,netral,0.7050161957740784
/kaggle/input/datasets/ejlok1/cremad/AudioWAV/1043_DFA_SAD_XX.wav,cremad,sedih,takut,0.7704808712005615
/kaggle/input/datasets/ejlok1/cremad/AudioWAV/1032_IEO_HAP_HI.wav,cremad,senang,takut,0.727324903011322
/kaggle/input/datasets/ejlok1/cremad/AudioWAV/1040_MTI_SAD_XX.wav,cremad,sedih,takut,0.9590502381324768
/kaggle/input/datasets/ejlok1/cremad/AudioWAV/1001_IWL_SAD_XX.wav,cremad,sedih,takut,0.9380264282226562
/kaggle/input/datasets/ejlok1/cremad/AudioWAV/1078_WSI_SAD_XX.wav,cremad,sedih,netral,0.6637527942657471
/kaggle/input/datasets/ejlok1/cremad/AudioWAV/1010_IWW_NEU_XX.wav,cremad,netral,takut,0.6941476464271545
/kaggle/input/datasets/ejlok1/cremad/AudioWAV/1007_IEO_FEA_MD.wav,cremad,takut,marah,0.892988383769989
/kaggle/input/datasets/uwrfkaggler/ravdess-emotional-speech-audio/audio_speech_actors_01-24/Actor_23/03-01-04-02-01-02-23.wav,ravdess,sedih,takut,0.71510249376297
/kaggle/input/datasets/ejlok1/cremad/AudioWAV/1032_TIE_FEA_XX.wav,cremad,takut,jijik,0.7930226922035217
/kaggle/input/datasets/ejlok1/cremad/AudioWAV/1064_IWL_ANG_XX.wav,cremad,marah,jijik,0.7601107954978943
/kaggle/input/datasets/ejlok1/cremad/AudioWAV/1034_IEO_ANG_LO.wav,cremad,marah,jijik,0.9056742191314697
/kaggle/input/datasets/ejlok1/cremad/AudioWAV/1026_TAI_DIS_XX.wav,cremad,jijik,marah,0.7618058323860168
/kaggle/input/datasets/elnathh/indowavesentiment/IndoWaveSentiment Indonesian Audio Dataset for Emotion Classification/IndoWaveSentiment/Actor_04/04-01-01-03.wav,indowavesentiment,netral,sedih,0.7251994609832764
/kaggle/input/datasets/elnathh/indowavesentiment/IndoWaveSentiment Indonesian Audio Dataset for Emotion Classification/IndoWaveSentiment/Actor_03/03-02-01-03.wav,indowavesentiment,senang,netral,0.928683340549469
/kaggle/input/datasets/ejlok1/cremad/AudioWAV/1088_MTI_HAP_XX.wav,cremad,senang,netral,0.7621365189552307
/kaggle/input/datasets/ejlok1/cremad/AudioWAV/1040_TSI_HAP_XX.wav,cremad,senang,takut,0.9411658048629761
/kaggle/input/datasets/ejlok1/cremad/AudioWAV/1036_ITH_HAP_XX.wav,cremad,senang,marah,0.9377817511558533
/kaggle/input/datasets/elnathh/indowavesentiment/IndoWaveSentiment Indonesian Audio Dataset for Emotion Classification/IndoWaveSentiment/Actor_06/06-02-01-02.wav,indowavesentiment,senang,netral,0.8473736643791199
/kaggle/input/datasets/ejlok1/cremad/AudioWAV/1012_IOM_SAD_XX.wav,cremad,sedih,takut,0.9006598591804504
/kaggle/input/datasets/ejlok1/cremad/AudioWAV/1068_TAI_SAD_XX.wav,cremad,sedih,jijik,0.8737197518348694
/kaggle/input/datasets/ejlok1/cremad/AudioWAV/1048_DFA_HAP_XX.wav,cremad,senang,takut,0.6848871111869812
/kaggle/input/datasets/ejlok1/cremad/AudioWAV/1065_IEO_HAP_HI.wav,cremad,senang,takut,0.6670793890953064
/kaggle/input/datasets/ejlok1/cremad/AudioWAV/1014_ITH_SAD_XX.wav,cremad,sedih,jijik,0.6475068926811218
/kaggle/input/datasets/ejlok1/cremad/AudioWAV/1048_IEO_SAD_HI.wav,cremad,sedih,takut,0.8375113010406494
/kaggle/input/datasets/ejlok1/cremad/AudioWAV/1086_DFA_SAD_XX.wav,cremad,sedih,takut,0.8944017291069031
/kaggle/input/datasets/ejlok1/cremad/AudioWAV/1047_ITH_SAD_XX.wav,cremad,sedih,takut,0.7743789553642273
/kaggle/input/datasets/ejlok1/cremad/AudioWAV/1065_DFA_DIS_XX.wav,cremad,jijik,takut,0.6860397458076477
/kaggle/input/datasets/ejlok1/cremad/AudioWAV/1029_TIE_SAD_XX.wav,cremad,sedih,takut,0.9729204773902893
/kaggle/input/datasets/ejlok1/cremad/AudioWAV/1070_ITH_SAD_XX.wav,cremad,sedih,netral,0.8948636054992676
/kaggle/input/datasets/ejlok1/cremad/AudioWAV/1065_IWW_SAD_XX.wav,cremad,sedih,takut,0.632307231426239
/kaggle/input/datasets/ejlok1/cremad/AudioWAV/1044_ITS_HAP_XX.wav,cremad,senang,takut,0.9745819568634033
/kaggle/input/datasets/ejlok1/cremad/AudioWAV/1035_MTI_SAD_XX.wav,cremad,sedih,jijik,0.9433876872062683
/kaggle/input/datasets/ejlok1/cremad/AudioWAV/1090_IWL_NEU_XX.wav,cremad,netral,jijik,0.7623875141143799
/kaggle/input/datasets/ejlok1/cremad/AudioWAV/1017_IOM_SAD_XX.wav,cremad,sedih,takut,0.6143853068351746
/kaggle/input/datasets/ejlok1/cremad/AudioWAV/1056_IOM_HAP_XX.wav,cremad,senang,takut,0.6827895045280457
/kaggle/input/datasets/ejlok1/cremad/AudioWAV/1062_IWL_HAP_XX.wav,cremad,senang,netral,0.6890143752098083
/kaggle/input/datasets/ejlok1/cremad/AudioWAV/1036_IWW_HAP_XX.wav,cremad,senang,marah,0.9255509376525879
/kaggle/input/datasets/ejlok1/cremad/AudioWAV/1068_IWL_HAP_XX.wav,cremad,senang,netral,0.6048057675361633
/kaggle/input/datasets/ejlok1/cremad/AudioWAV/1028_TSI_HAP_XX.wav,cremad,senang,takut,0.6076428294181824
/kaggle/input/datasets/ejlok1/cremad/AudioWAV/1088_TAI_ANG_XX.wav,cremad,marah,jijik,0.8282482624053955
/kaggle/input/datasets/ejlok1/cremad/AudioWAV/1023_IWL_SAD_XX.wav,cremad,sedih,netral,0.6438483595848083
/kaggle/input/datasets/ejlok1/cremad/AudioWAV/1009_DFA_SAD_XX.wav,cremad,sedih,jijik,0.6963445544242859
/kaggle/input/datasets/ejlok1/cremad/AudioWAV/1054_TIE_SAD_XX.wav,cremad,sedih,takut,0.6407898664474487
/kaggle/input/datasets/ejlok1/cremad/AudioWAV/1045_ITH_SAD_XX.wav,cremad,sedih,takut,0.9464361667633057
/kaggle/input/datasets/elnathh/indowavesentiment/IndoWaveSentiment Indonesian Audio Dataset for Emotion Classification/IndoWaveSentiment/Actor_06/06-02-01-03.wav,indowavesentiment,senang,netral,0.8399307131767273
/kaggle/input/datasets/piyushagni5/berlin-database-of-emotional-speech-emodb/wav/16a04Wb.wav,emodb,marah,senang,0.6588586568832397
/kaggle/input/datasets/ejlok1/cremad/AudioWAV/1067_MTI_HAP_XX.wav,cremad,senang,takut,0.6233721375465393
/kaggle/input/datasets/ejlok1/cremad/AudioWAV/1086_IWW_SAD_XX.wav,cremad,sedih,takut,0.8644111752510071
/kaggle/input/datasets/elnathh/indowavesentiment/IndoWaveSentiment Indonesian Audio Dataset for Emotion Classification/IndoWaveSentiment/Actor_09/09-01-01-01.wav,indowavesentiment,netral,sedih,0.6147820353507996
/kaggle/input/datasets/uwrfkaggler/ravdess-emotional-speech-audio/audio_speech_actors_01-24/Actor_06/03-01-04-01-02-02-06.wav,ravdess,sedih,netral,0.6186456680297852
/kaggle/input/datasets/ejlok1/cremad/AudioWAV/1028_ITH_SAD_XX.wav,cremad,sedih,takut,0.7156687378883362
/kaggle/input/datasets/ejlok1/cremad/AudioWAV/1029_MTI_SAD_XX.wav,cremad,sedih,takut,0.9500934481620789
/kaggle/input/datasets/ejlok1/cremad/AudioWAV/1012_IWL_SAD_XX.wav,cremad,sedih,takut,0.8633890748023987
/kaggle/input/datasets/ejlok1/cremad/AudioWAV/1050_IOM_HAP_XX.wav,cremad,senang,takut,0.7882210612297058
/kaggle/input/datasets/ejlok1/cremad/AudioWAV/1037_ITS_HAP_XX.wav,cremad,senang,takut,0.6200679540634155
/kaggle/input/datasets/ejlok1/cremad/AudioWAV/1060_IWW_HAP_XX.wav,cremad,senang,jijik,0.8746997117996216
/kaggle/input/datasets/ejlok1/cremad/AudioWAV/1024_TIE_SAD_XX.wav,cremad,sedih,jijik,0.8783990144729614
/kaggle/input/datasets/ejlok1/cremad/AudioWAV/1024_TAI_SAD_XX.wav,cremad,sedih,takut,0.8471493124961853
/kaggle/input/datasets/ejlok1/cremad/AudioWAV/1057_WSI_HAP_XX.wav,cremad,senang,jijik,0.8034271001815796
/kaggle/input/datasets/ejlok1/cremad/AudioWAV/1003_ITH_HAP_XX.wav,cremad,senang,takut,0.9165160059928894
/kaggle/input/datasets/ejlok1/cremad/AudioWAV/1014_WSI_HAP_XX.wav,cremad,senang,marah,0.6846523284912109
/kaggle/input/datasets/ejlok1/cremad/AudioWAV/1077_TAI_FEA_XX.wav,cremad,takut,netral,0.8184533715248108
/kaggle/input/datasets/ejlok1/cremad/AudioWAV/1077_TIE_HAP_XX.wav,cremad,senang,jijik,0.9505722522735596
/kaggle/input/datasets/uwrfkaggler/ravdess-emotional-speech-audio/Actor_02/03-01-04-01-02-02-02.wav,ravdess,sedih,netral,0.8958417177200317
/kaggle/input/datasets/ejlok1/cremad/AudioWAV/1072_ITH_SAD_XX.wav,cremad,sedih,takut,0.6580996513366699
/kaggle/input/datasets/ejlok1/cremad/AudioWAV/1091_DFA_SAD_XX.wav,cremad,sedih,takut,0.7924023270606995
/kaggle/input/datasets/ejlok1/cremad/AudioWAV/1061_WSI_HAP_XX.wav,cremad,senang,jijik,0.9186401963233948
/kaggle/input/datasets/ejlok1/cremad/AudioWAV/1002_TAI_SAD_XX.wav,cremad,sedih,takut,0.7427244782447815
/kaggle/input/datasets/ejlok1/cremad/AudioWAV/1022_IEO_HAP_HI.wav,cremad,senang,jijik,0.6468861699104309
/kaggle/input/datasets/ejlok1/cremad/AudioWAV/1085_IEO_SAD_HI.wav,cremad,sedih,takut,0.7613237500190735
/kaggle/input/datasets/ejlok1/cremad/AudioWAV/1013_IEO_SAD_HI.wav,cremad,sedih,jijik,0.9247028231620789
/kaggle/input/datasets/ejlok1/cremad/AudioWAV/1046_ITH_SAD_XX.wav,cremad,sedih,jijik,0.9485090374946594
/kaggle/input/datasets/piyushagni5/berlin-database-of-emotional-speech-emodb/wav/03a02Fc.wav,emodb,senang,marah,0.7549607157707214
/kaggle/input/datasets/ejlok1/cremad/AudioWAV/1017_TAI_ANG_XX.wav,cremad,marah,jijik,0.9242103099822998
/kaggle/input/datasets/ejlok1/cremad/AudioWAV/1074_TSI_SAD_XX.wav,cremad,sedih,takut,0.8427804708480835
/kaggle/input/datasets/ejlok1/cremad/AudioWAV/1011_IEO_SAD_LO.wav,cremad,sedih,jijik,0.9447218179702759
/kaggle/input/datasets/ejlok1/cremad/AudioWAV/1042_IEO_HAP_LO.wav,cremad,senang,takut,0.7968856692314148
/kaggle/input/datasets/ejlok1/cremad/AudioWAV/1078_IEO_SAD_HI.wav,cremad,sedih,takut,0.934965968132019
/kaggle/input/datasets/ejlok1/cremad/AudioWAV/1072_TIE_SAD_XX.wav,cremad,sedih,takut,0.9489732980728149
/kaggle/input/datasets/ejlok1/cremad/AudioWAV/1079_IEO_SAD_HI.wav,cremad,sedih,takut,0.8750194311141968
/kaggle/input/datasets/ejlok1/cremad/AudioWAV/1034_TSI_HAP_XX.wav,cremad,senang,takut,0.9262338280677795
/kaggle/input/datasets/ejlok1/cremad/AudioWAV/1054_TSI_HAP_XX.wav,cremad,senang,takut,0.8117198348045349
/kaggle/input/datasets/ejlok1/cremad/AudioWAV/1066_TSI_HAP_XX.wav,cremad,senang,jijik,0.6840001940727234
/kaggle/input/datasets/ejlok1/cremad/AudioWAV/1021_DFA_FEA_XX.wav,cremad,takut,sedih,0.6541497111320496
/kaggle/input/datasets/ejlok1/cremad/AudioWAV/1020_IEO_ANG_HI.wav,cremad,marah,jijik,0.7521587610244751
/kaggle/input/datasets/ejlok1/cremad/AudioWAV/1019_TIE_SAD_XX.wav,cremad,sedih,takut,0.8685998320579529
/kaggle/input/datasets/ejlok1/cremad/AudioWAV/1080_DFA_SAD_XX.wav,cremad,sedih,jijik,0.9452244639396667
/kaggle/input/datasets/ejlok1/cremad/AudioWAV/1081_ITS_SAD_XX.wav,cremad,sedih,netral,0.7354873418807983
/kaggle/input/datasets/ejlok1/cremad/AudioWAV/1014_IOM_SAD_XX.wav,cremad,sedih,takut,0.7982732653617859
/kaggle/input/datasets/ejlok1/cremad/AudioWAV/1036_IWW_ANG_XX.wav,cremad,marah,jijik,0.7509472370147705
/kaggle/input/datasets/ejlok1/cremad/AudioWAV/1016_MTI_SAD_XX.wav,cremad,sedih,jijik,0.8104546666145325
/kaggle/input/datasets/ejlok1/cremad/AudioWAV/1074_IWL_FEA_XX.wav,cremad,takut,jijik,0.9358183145523071
/kaggle/input/datasets/ejlok1/cremad/AudioWAV/1073_IWW_SAD_XX.wav,cremad,sedih,takut,0.7867711782455444
/kaggle/input/datasets/ejlok1/cremad/AudioWAV/1023_IWL_HAP_XX.wav,cremad,senang,takut,0.7214420437812805
/kaggle/input/datasets/ejlok1/cremad/AudioWAV/1043_ITH_SAD_XX.wav,cremad,sedih,takut,0.7208685874938965
/kaggle/input/datasets/ejlok1/cremad/AudioWAV/1003_ITS_HAP_XX.wav,cremad,senang,takut,0.6381289958953857
/kaggle/input/datasets/ejlok1/cremad/AudioWAV/1001_DFA_SAD_XX.wav,cremad,sedih,takut,0.9602705836296082
/kaggle/input/datasets/ejlok1/cremad/AudioWAV/1013_TSI_HAP_XX.wav,cremad,senang,takut,0.7442865371704102
/kaggle/input/datasets/ejlok1/cremad/AudioWAV/1075_MTI_SAD_XX.wav,cremad,sedih,takut,0.7643992900848389
/kaggle/input/datasets/ejlok1/cremad/AudioWAV/1032_DFA_ANG_XX.wav,cremad,marah,jijik,0.7701421976089478
/kaggle/input/datasets/ejlok1/cremad/AudioWAV/1057_IOM_SAD_XX.wav,cremad,sedih,takut,0.9271633625030518
/kaggle/input/datasets/piyushagni5/berlin-database-of-emotional-speech-emodb/wav/14a05Fb.wav,emodb,senang,marah,0.8950121402740479
/kaggle/input/datasets/ejlok1/cremad/AudioWAV/1060_ITH_HAP_XX.wav,cremad,senang,netral,0.7068206071853638
/kaggle/input/datasets/ejlok1/cremad/AudioWAV/1057_IEO_DIS_HI.wav,cremad,jijik,marah,0.6219201683998108
/kaggle/input/datasets/ejlok1/cremad/AudioWAV/1033_TSI_HAP_XX.wav,cremad,senang,takut,0.9351771473884583
/kaggle/input/datasets/elnathh/indowavesentiment/IndoWaveSentiment Indonesian Audio Dataset for Emotion Classification/IndoWaveSentiment/Actor_03/03-04-01-02.wav,indowavesentiment,jijik,sedih,0.8585928082466125
/kaggle/input/datasets/ejlok1/cremad/AudioWAV/1026_IWL_SAD_XX.wav,cremad,sedih,jijik,0.8087623715400696
/kaggle/input/datasets/ejlok1/cremad/AudioWAV/1057_IEO_SAD_MD.wav,cremad,sedih,takut,0.7438280582427979
/kaggle/input/datasets/ejlok1/cremad/AudioWAV/1061_TIE_NEU_XX.wav,cremad,netral,takut,0.8133621215820312
/kaggle/input/datasets/ejlok1/cremad/AudioWAV/1072_IOM_HAP_XX.wav,cremad,senang,jijik,0.7712247967720032
/kaggle/input/datasets/ejlok1/cremad/AudioWAV/1034_IEO_SAD_LO.wav,cremad,sedih,jijik,0.7065603733062744
/kaggle/input/datasets/ejlok1/cremad/AudioWAV/1041_ITS_SAD_XX.wav,cremad,sedih,takut,0.8241960406303406
/kaggle/input/datasets/ejlok1/cremad/AudioWAV/1011_IEO_FEA_MD.wav,cremad,takut,netral,0.7268735766410828
/kaggle/input/datasets/ejlok1/cremad/AudioWAV/1064_IWL_DIS_XX.wav,cremad,jijik,netral,0.7626648545265198
/kaggle/input/datasets/elnathh/indowavesentiment/IndoWaveSentiment Indonesian Audio Dataset for Emotion Classification/IndoWaveSentiment/Actor_07/07-01-01-03.wav,indowavesentiment,netral,sedih,0.7963593602180481
/kaggle/input/datasets/ejlok1/cremad/AudioWAV/1045_ITS_SAD_XX.wav,cremad,sedih,takut,0.6772406697273254
/kaggle/input/datasets/ejlok1/cremad/AudioWAV/1065_IWL_HAP_XX.wav,cremad,senang,takut,0.8716503977775574
/kaggle/input/datasets/elnathh/indowavesentiment/IndoWaveSentiment Indonesian Audio Dataset for Emotion Classification/IndoWaveSentiment/Actor_03/03-04-01-03.wav,indowavesentiment,jijik,sedih,0.8201112747192383
/kaggle/input/datasets/ejlok1/cremad/AudioWAV/1015_ITS_SAD_XX.wav,cremad,sedih,takut,0.6780697107315063
/kaggle/input/datasets/elnathh/indowavesentiment/IndoWaveSentiment Indonesian Audio Dataset for Emotion Classification/IndoWaveSentiment/Actor_01/01-04-01-02.wav,indowavesentiment,jijik,netral,0.7810248136520386
/kaggle/input/datasets/ejlok1/cremad/AudioWAV/1065_ITH_SAD_XX.wav,cremad,sedih,takut,0.867209792137146
/kaggle/input/datasets/ejlok1/cremad/AudioWAV/1079_ITS_SAD_XX.wav,cremad,sedih,netral,0.707435667514801
/kaggle/input/datasets/ejlok1/cremad/AudioWAV/1088_TIE_HAP_XX.wav,cremad,senang,jijik,0.6695667505264282
/kaggle/input/datasets/ejlok1/cremad/AudioWAV/1048_IEO_ANG_HI.wav,cremad,marah,takut,0.8128365278244019
/kaggle/input/datasets/ejlok1/cremad/AudioWAV/1003_IWL_HAP_XX.wav,cremad,senang,jijik,0.863344669342041
/kaggle/input/datasets/ejlok1/cremad/AudioWAV/1059_WSI_SAD_XX.wav,cremad,sedih,takut,0.6889506578445435
/kaggle/input/datasets/ejlok1/cremad/AudioWAV/1036_IWL_HAP_XX.wav,cremad,senang,marah,0.7737426161766052
/kaggle/input/datasets/ejlok1/cremad/AudioWAV/1036_TAI_FEA_XX.wav,cremad,takut,jijik,0.6414199471473694
/kaggle/input/datasets/ejlok1/cremad/AudioWAV/1044_MTI_SAD_XX.wav,cremad,sedih,takut,0.6476130485534668
/kaggle/input/datasets/ejlok1/cremad/AudioWAV/1027_DFA_NEU_XX.wav,cremad,netral,takut,0.6781992316246033
/kaggle/input/datasets/ejlok1/cremad/AudioWAV/1024_ITH_SAD_XX.wav,cremad,sedih,takut,0.8474571704864502
/kaggle/input/datasets/ejlok1/cremad/AudioWAV/1091_TSI_HAP_XX.wav,cremad,senang,takut,0.6944690942764282
/kaggle/input/datasets/ejlok1/cremad/AudioWAV/1036_WSI_SAD_XX.wav,cremad,sedih,takut,0.8698640465736389
/kaggle/input/datasets/piyushagni5/berlin-database-of-emotional-speech-emodb/wav/08a07Fd.wav,emodb,senang,netral,0.6953357458114624
/kaggle/input/datasets/ejlok1/cremad/AudioWAV/1042_DFA_SAD_XX.wav,cremad,sedih,netral,0.7323832511901855
/kaggle/input/datasets/ejlok1/cremad/AudioWAV/1083_IWW_SAD_XX.wav,cremad,sedih,jijik,0.8440869450569153
/kaggle/input/datasets/ejlok1/cremad/AudioWAV/1001_IOM_FEA_XX.wav,cremad,takut,marah,0.8290942311286926
/kaggle/input/datasets/ejlok1/cremad/AudioWAV/1030_WSI_DIS_XX.wav,cremad,jijik,marah,0.7676624655723572
/kaggle/input/datasets/ejlok1/cremad/AudioWAV/1052_ITS_SAD_XX.wav,cremad,sedih,takut,0.854803204536438
/kaggle/input/datasets/ejlok1/cremad/AudioWAV/1057_IWW_SAD_XX.wav,cremad,sedih,takut,0.9289021492004395
/kaggle/input/datasets/ejlok1/cremad/AudioWAV/1002_IEO_SAD_HI.wav,cremad,sedih,takut,0.8232603669166565
/kaggle/input/datasets/ejlok1/cremad/AudioWAV/1091_TIE_SAD_XX.wav,cremad,sedih,netral,0.6707987189292908
/kaggle/input/datasets/ejlok1/cremad/AudioWAV/1033_IEO_HAP_HI.wav,cremad,senang,takut,0.7098713517189026
/kaggle/input/datasets/ejlok1/cremad/AudioWAV/1034_TSI_SAD_XX.wav,cremad,sedih,takut,0.8055617213249207
/kaggle/input/datasets/ejlok1/cremad/AudioWAV/1032_IWL_HAP_XX.wav,cremad,senang,jijik,0.7252054810523987
/kaggle/input/datasets/ejlok1/cremad/AudioWAV/1015_IWL_HAP_XX.wav,cremad,senang,takut,0.7455335855484009
/kaggle/input/datasets/ejlok1/cremad/AudioWAV/1068_WSI_SAD_XX.wav,cremad,sedih,takut,0.8033633828163147
/kaggle/input/datasets/ahmadnafibudianto/e-seravd-speech-emotion-recognition-av-dataset/E-SERAVD 1.1/E-SERAVD/02_Audio-Only/03_Neutral/HSL/02-03-HSL-T-0046.wav,eseravd,netral,sedih,0.6159430146217346
/kaggle/input/datasets/uwrfkaggler/ravdess-emotional-speech-audio/Actor_18/03-01-05-02-01-02-18.wav,ravdess,marah,senang,0.8918125033378601
/kaggle/input/datasets/ejlok1/cremad/AudioWAV/1069_TIE_HAP_XX.wav,cremad,senang,marah,0.6968449950218201
/kaggle/input/datasets/uwrfkaggler/ravdess-emotional-speech-audio/Actor_20/03-01-05-01-01-01-20.wav,ravdess,marah,takut,0.6141863465309143
/kaggle/input/datasets/ahmadnafibudianto/e-seravd-speech-emotion-recognition-av-dataset/E-SERAVD 1.1/E-SERAVD/02_Audio-Only/04_Happy/TAOL/02-04-TAOL-T-0012.wav,eseravd,senang,netral,0.7854115962982178
/kaggle/input/datasets/uwrfkaggler/ravdess-emotional-speech-audio/audio_speech_actors_01-24/Actor_22/03-01-02-02-01-01-22.wav,ravdess,netral,sedih,0.6897369623184204
/kaggle/input/datasets/ejlok1/cremad/AudioWAV/1070_TSI_HAP_XX.wav,cremad,senang,jijik,0.7468343377113342
/kaggle/input/datasets/ejlok1/cremad/AudioWAV/1029_ITH_SAD_XX.wav,cremad,sedih,takut,0.9542711973190308
/kaggle/input/datasets/ejlok1/cremad/AudioWAV/1050_IWW_HAP_XX.wav,cremad,senang,takut,0.7931773662567139
/kaggle/input/datasets/ejlok1/cremad/AudioWAV/1091_IEO_SAD_MD.wav,cremad,sedih,takut,0.9228929877281189
/kaggle/input/datasets/ejlok1/cremad/AudioWAV/1030_TAI_SAD_XX.wav,cremad,sedih,jijik,0.8219817876815796
/kaggle/input/datasets/ejlok1/cremad/AudioWAV/1066_ITS_ANG_XX.wav,cremad,marah,jijik,0.9865571856498718
/kaggle/input/datasets/ejlok1/cremad/AudioWAV/1068_IEO_HAP_HI.wav,cremad,senang,marah,0.9251903295516968
/kaggle/input/datasets/uwrfkaggler/ravdess-emotional-speech-audio/audio_speech_actors_01-24/Actor_24/03-01-04-01-02-02-24.wav,ravdess,sedih,netral,0.7547123432159424
/kaggle/input/datasets/ejlok1/cremad/AudioWAV/1037_MTI_SAD_XX.wav,cremad,sedih,takut,0.7187840938568115
/kaggle/input/datasets/ejlok1/cremad/AudioWAV/1063_IEO_SAD_HI.wav,cremad,sedih,takut,0.6085724234580994
/kaggle/input/datasets/ejlok1/cremad/AudioWAV/1005_IOM_SAD_XX.wav,cremad,sedih,takut,0.6776167154312134
/kaggle/input/datasets/ejlok1/cremad/AudioWAV/1085_TIE_SAD_XX.wav,cremad,sedih,takut,0.7082131505012512
/kaggle/input/datasets/ejlok1/cremad/AudioWAV/1056_WSI_SAD_XX.wav,cremad,sedih,netral,0.8825806975364685
/kaggle/input/datasets/ejlok1/cremad/AudioWAV/1045_TSI_ANG_XX.wav,cremad,marah,jijik,0.8135858774185181
/kaggle/input/datasets/ejlok1/cremad/AudioWAV/1064_DFA_HAP_XX.wav,cremad,senang,takut,0.688777506351471
/kaggle/input/datasets/ejlok1/cremad/AudioWAV/1066_TIE_SAD_XX.wav,cremad,sedih,takut,0.93101966381073
/kaggle/input/datasets/ejlok1/cremad/AudioWAV/1083_TIE_ANG_XX.wav,cremad,marah,jijik,0.9314850568771362
/kaggle/input/datasets/ejlok1/cremad/AudioWAV/1013_WSI_SAD_XX.wav,cremad,sedih,jijik,0.966064989566803
/kaggle/input/datasets/ejlok1/cremad/AudioWAV/1084_DFA_SAD_XX.wav,cremad,sedih,takut,0.7203615307807922
/kaggle/input/datasets/piyushagni5/berlin-database-of-emotional-speech-emodb/wav/10b10Wa.wav,emodb,marah,jijik,0.6270739436149597
/kaggle/input/datasets/ejlok1/cremad/AudioWAV/1047_TIE_HAP_XX.wav,cremad,senang,marah,0.9129467010498047
/kaggle/input/datasets/ejlok1/cremad/AudioWAV/1074_DFA_SAD_XX.wav,cremad,sedih,takut,0.9198948740959167
/kaggle/input/datasets/uwrfkaggler/ravdess-emotional-speech-audio/audio_speech_actors_01-24/Actor_19/03-01-04-01-02-02-19.wav,ravdess,sedih,netral,0.8519900441169739
/kaggle/input/datasets/ejlok1/cremad/AudioWAV/1019_DFA_SAD_XX.wav,cremad,sedih,takut,0.7531192898750305
/kaggle/input/datasets/ejlok1/cremad/AudioWAV/1050_ITS_HAP_XX.wav,cremad,senang,marah,0.8104651570320129
/kaggle/input/datasets/ejlok1/cremad/AudioWAV/1048_IWL_SAD_XX.wav,cremad,sedih,takut,0.6403301954269409
/kaggle/input/datasets/elnathh/indowavesentiment/IndoWaveSentiment Indonesian Audio Dataset for Emotion Classification/IndoWaveSentiment/Actor_02/02-05-02-01.wav,indowavesentiment,sedih,netral,0.8018500208854675
/kaggle/input/datasets/ejlok1/cremad/AudioWAV/1019_IEO_SAD_HI.wav,cremad,sedih,takut,0.9332374334335327
/kaggle/input/datasets/ejlok1/cremad/AudioWAV/1067_IWW_SAD_XX.wav,cremad,sedih,marah,0.919853150844574
/kaggle/input/datasets/ejlok1/cremad/AudioWAV/1029_IEO_HAP_MD.wav,cremad,senang,marah,0.6404922604560852
/kaggle/input/datasets/ejlok1/cremad/AudioWAV/1040_WSI_SAD_XX.wav,cremad,sedih,takut,0.6284186244010925
/kaggle/input/datasets/ejlok1/cremad/AudioWAV/1078_WSI_HAP_XX.wav,cremad,senang,takut,0.745590090751648
/kaggle/input/datasets/ejlok1/cremad/AudioWAV/1025_TIE_HAP_XX.wav,cremad,senang,jijik,0.6458495259284973
/kaggle/input/datasets/ejlok1/cremad/AudioWAV/1083_IEO_ANG_HI.wav,cremad,marah,jijik,0.6830787062644958
/kaggle/input/datasets/ejlok1/cremad/AudioWAV/1057_IWL_SAD_XX.wav,cremad,sedih,takut,0.8324263095855713
/kaggle/input/datasets/ejlok1/cremad/AudioWAV/1046_IOM_SAD_XX.wav,cremad,sedih,netral,0.8672614693641663
/kaggle/input/datasets/elnathh/indowavesentiment/IndoWaveSentiment Indonesian Audio Dataset for Emotion Classification/IndoWaveSentiment/Actor_10/10-04-01-03.wav,indowavesentiment,jijik,sedih,0.7957742214202881
/kaggle/input/datasets/ejlok1/cremad/AudioWAV/1001_ITH_SAD_XX.wav,cremad,sedih,takut,0.7419998049736023
/kaggle/input/datasets/ejlok1/cremad/AudioWAV/1040_IWW_SAD_XX.wav,cremad,sedih,takut,0.9249535202980042
/kaggle/input/datasets/ejlok1/cremad/AudioWAV/1015_IWW_FEA_XX.wav,cremad,takut,jijik,0.9154471158981323
/kaggle/input/datasets/ejlok1/cremad/AudioWAV/1014_DFA_SAD_XX.wav,cremad,sedih,jijik,0.9218708276748657
/kaggle/input/datasets/ejlok1/cremad/AudioWAV/1053_ITH_HAP_XX.wav,cremad,senang,takut,0.7086923718452454
/kaggle/input/datasets/ejlok1/cremad/AudioWAV/1067_TIE_HAP_XX.wav,cremad,senang,takut,0.9469212889671326
/kaggle/input/datasets/ejlok1/cremad/AudioWAV/1017_TSI_HAP_XX.wav,cremad,senang,takut,0.724972128868103
/kaggle/input/datasets/ejlok1/cremad/AudioWAV/1016_TSI_ANG_XX.wav,cremad,marah,takut,0.804580807685852
/kaggle/input/datasets/ejlok1/cremad/AudioWAV/1035_IWW_HAP_XX.wav,cremad,senang,jijik,0.6946475505828857
/kaggle/input/datasets/ejlok1/cremad/AudioWAV/1060_DFA_ANG_XX.wav,cremad,marah,jijik,0.9149901866912842
/kaggle/input/datasets/ejlok1/cremad/AudioWAV/1015_IWW_ANG_XX.wav,cremad,marah,jijik,0.9547299742698669
/kaggle/input/datasets/ejlok1/cremad/AudioWAV/1002_IWL_HAP_XX.wav,cremad,senang,jijik,0.8840080499649048
/kaggle/input/datasets/ejlok1/cremad/AudioWAV/1001_TAI_SAD_XX.wav,cremad,sedih,takut,0.7824243903160095
/kaggle/input/datasets/ejlok1/cremad/AudioWAV/1019_IWW_SAD_XX.wav,cremad,sedih,jijik,0.7903315424919128
/kaggle/input/datasets/ejlok1/cremad/AudioWAV/1065_WSI_DIS_XX.wav,cremad,jijik,takut,0.9019771218299866
/kaggle/input/datasets/ejlok1/cremad/AudioWAV/1050_MTI_SAD_XX.wav,cremad,sedih,netral,0.7688053846359253
/kaggle/input/datasets/ejlok1/cremad/AudioWAV/1052_ITH_SAD_XX.wav,cremad,sedih,takut,0.867500364780426
/kaggle/input/datasets/uwrfkaggler/ravdess-emotional-speech-audio/audio_speech_actors_01-24/Actor_17/03-01-05-01-02-01-17.wav,ravdess,marah,senang,0.8230510354042053
/kaggle/input/datasets/ejlok1/cremad/AudioWAV/1050_TSI_ANG_XX.wav,cremad,marah,takut,0.843020498752594
/kaggle/input/datasets/ejlok1/cremad/AudioWAV/1003_IEO_SAD_MD.wav,cremad,sedih,takut,0.700887143611908
/kaggle/input/datasets/uwrfkaggler/ravdess-emotional-speech-audio/audio_speech_actors_01-24/Actor_24/03-01-04-01-01-01-24.wav,ravdess,sedih,netral,0.8214784860610962
/kaggle/input/datasets/elnathh/indowavesentiment/IndoWaveSentiment Indonesian Audio Dataset for Emotion Classification/IndoWaveSentiment/Actor_10/10-01-02-01.wav,indowavesentiment,netral,sedih,0.6501560211181641
/kaggle/input/datasets/ejlok1/cremad/AudioWAV/1021_TSI_HAP_XX.wav,cremad,senang,netral,0.8246962428092957
/kaggle/input/datasets/ejlok1/cremad/AudioWAV/1089_IWW_SAD_XX.wav,cremad,sedih,takut,0.9316203594207764
/kaggle/input/datasets/ejlok1/cremad/AudioWAV/1058_IWW_SAD_XX.wav,cremad,sedih,takut,0.9304283261299133
/kaggle/input/datasets/ejlok1/cremad/AudioWAV/1001_WSI_SAD_XX.wav,cremad,sedih,takut,0.8676326870918274
/kaggle/input/datasets/ejlok1/cremad/AudioWAV/1037_TAI_SAD_XX.wav,cremad,sedih,takut,0.7912383675575256
/kaggle/input/datasets/ejlok1/cremad/AudioWAV/1056_DFA_SAD_XX.wav,cremad,sedih,takut,0.6257818341255188
/kaggle/input/datasets/elnathh/indowavesentiment/IndoWaveSentiment Indonesian Audio Dataset for Emotion Classification/IndoWaveSentiment/Actor_01/01-02-02-02.wav,indowavesentiment,senang,marah,0.781926155090332
/kaggle/input/datasets/ejlok1/cremad/AudioWAV/1066_IWW_SAD_XX.wav,cremad,sedih,takut,0.8895688056945801
/kaggle/input/datasets/elnathh/indowavesentiment/IndoWaveSentiment Indonesian Audio Dataset for Emotion Classification/IndoWaveSentiment/Actor_02/02-05-01-02.wav,indowavesentiment,sedih,netral,0.6860833764076233
/kaggle/input/datasets/ejlok1/cremad/AudioWAV/1012_IWW_SAD_XX.wav,cremad,sedih,takut,0.8624452352523804
/kaggle/input/datasets/ejlok1/cremad/AudioWAV/1016_MTI_HAP_XX.wav,cremad,senang,jijik,0.7007666826248169
/kaggle/input/datasets/ejlok1/cremad/AudioWAV/1067_WSI_HAP_XX.wav,cremad,senang,takut,0.9544185400009155
/kaggle/input/datasets/ejlok1/cremad/AudioWAV/1025_ITS_SAD_XX.wav,cremad,sedih,jijik,0.8948531150817871
/kaggle/input/datasets/ejlok1/cremad/AudioWAV/1019_TAI_SAD_XX.wav,cremad,sedih,takut,0.8705068826675415
/kaggle/input/datasets/ejlok1/cremad/AudioWAV/1032_TAI_NEU_XX.wav,cremad,netral,sedih,0.6147444844245911
/kaggle/input/datasets/ejlok1/cremad/AudioWAV/1058_IEO_DIS_MD.wav,cremad,jijik,takut,0.8836575746536255
/kaggle/input/datasets/ejlok1/cremad/AudioWAV/1033_ITS_SAD_XX.wav,cremad,sedih,takut,0.7613504528999329
/kaggle/input/datasets/ejlok1/cremad/AudioWAV/1028_MTI_HAP_XX.wav,cremad,senang,takut,0.7163538932800293
/kaggle/input/datasets/ejlok1/cremad/AudioWAV/1067_ITH_SAD_XX.wav,cremad,sedih,takut,0.7339640259742737
/kaggle/input/datasets/ejlok1/cremad/AudioWAV/1026_TSI_SAD_XX.wav,cremad,sedih,takut,0.7470704913139343
/kaggle/input/datasets/ejlok1/cremad/AudioWAV/1042_IOM_SAD_XX.wav,cremad,sedih,netral,0.7569960951805115
/kaggle/input/datasets/uwrfkaggler/ravdess-emotional-speech-audio/audio_speech_actors_01-24/Actor_18/03-01-05-02-01-02-18.wav,ravdess,marah,senang,0.8918125033378601
/kaggle/input/datasets/ejlok1/cremad/AudioWAV/1004_IEO_SAD_LO.wav,cremad,sedih,takut,0.6407846212387085
/kaggle/input/datasets/ejlok1/cremad/AudioWAV/1050_WSI_HAP_XX.wav,cremad,senang,takut,0.729332685470581
/kaggle/input/datasets/elnathh/indowavesentiment/IndoWaveSentiment Indonesian Audio Dataset for Emotion Classification/IndoWaveSentiment/Actor_04/04-02-01-03.wav,indowavesentiment,senang,netral,0.6001415848731995
/kaggle/input/datasets/ejlok1/cremad/AudioWAV/1031_IEO_DIS_LO.wav,cremad,jijik,takut,0.9014767408370972
/kaggle/input/datasets/ejlok1/cremad/AudioWAV/1019_TIE_HAP_XX.wav,cremad,senang,marah,0.6535017490386963
/kaggle/input/datasets/ejlok1/cremad/AudioWAV/1015_TIE_SAD_XX.wav,cremad,sedih,netral,0.7231698036193848
/kaggle/input/datasets/ejlok1/cremad/AudioWAV/1011_ITH_DIS_XX.wav,cremad,jijik,takut,0.7893815636634827
/kaggle/input/datasets/ejlok1/cremad/AudioWAV/1057_DFA_SAD_XX.wav,cremad,sedih,takut,0.6488204002380371
/kaggle/input/datasets/ejlok1/cremad/AudioWAV/1004_IWW_SAD_XX.wav,cremad,sedih,takut,0.7276738882064819
/kaggle/input/datasets/ejlok1/cremad/AudioWAV/1079_IEO_HAP_LO.wav,cremad,senang,marah,0.6001843214035034
/kaggle/input/datasets/ejlok1/cremad/AudioWAV/1034_IEO_ANG_MD.wav,cremad,marah,jijik,0.9184466600418091
/kaggle/input/datasets/ejlok1/cremad/AudioWAV/1017_TAI_SAD_XX.wav,cremad,sedih,netral,0.6374045610427856
/kaggle/input/datasets/ejlok1/cremad/AudioWAV/1067_IWW_NEU_XX.wav,cremad,netral,takut,0.9594389796257019
/kaggle/input/datasets/ejlok1/cremad/AudioWAV/1051_ITH_SAD_XX.wav,cremad,sedih,netral,0.8018842339515686
/kaggle/input/datasets/ejlok1/cremad/AudioWAV/1057_IEO_HAP_HI.wav,cremad,senang,takut,0.800812304019928
/kaggle/input/datasets/ejlok1/cremad/AudioWAV/1036_TSI_SAD_XX.wav,cremad,sedih,takut,0.7788716554641724
/kaggle/input/datasets/ejlok1/cremad/AudioWAV/1006_MTI_SAD_XX.wav,cremad,sedih,jijik,0.9195601344108582
/kaggle/input/datasets/ejlok1/cremad/AudioWAV/1050_TAI_HAP_XX.wav,cremad,senang,takut,0.831448495388031
/kaggle/input/datasets/ejlok1/cremad/AudioWAV/1069_IWW_SAD_XX.wav,cremad,sedih,takut,0.8120803236961365
/kaggle/input/datasets/ejlok1/cremad/AudioWAV/1002_ITH_SAD_XX.wav,cremad,sedih,jijik,0.7059270143508911
/kaggle/input/datasets/elnathh/indowavesentiment/IndoWaveSentiment Indonesian Audio Dataset for Emotion Classification/IndoWaveSentiment/Actor_04/04-04-02-01.wav,indowavesentiment,jijik,sedih,0.9165324568748474
/kaggle/input/datasets/ejlok1/cremad/AudioWAV/1067_DFA_NEU_XX.wav,cremad,netral,takut,0.6530149579048157
/kaggle/input/datasets/ejlok1/cremad/AudioWAV/1032_IWW_FEA_XX.wav,cremad,takut,sedih,0.6198656558990479
/kaggle/input/datasets/ejlok1/cremad/AudioWAV/1010_TSI_HAP_XX.wav,cremad,senang,takut,0.8362301588058472
/kaggle/input/datasets/ejlok1/cremad/AudioWAV/1048_ITH_DIS_XX.wav,cremad,jijik,marah,0.6439060568809509
/kaggle/input/datasets/ejlok1/cremad/AudioWAV/1027_TIE_SAD_XX.wav,cremad,sedih,jijik,0.9450696110725403
/kaggle/input/datasets/ejlok1/cremad/AudioWAV/1010_TIE_HAP_XX.wav,cremad,senang,jijik,0.8398690819740295
/kaggle/input/datasets/ejlok1/cremad/AudioWAV/1035_IEO_ANG_MD.wav,cremad,marah,takut,0.635562539100647
/kaggle/input/datasets/ejlok1/cremad/AudioWAV/1036_IWW_SAD_XX.wav,cremad,sedih,takut,0.664412260055542
/kaggle/input/datasets/ejlok1/cremad/AudioWAV/1021_IEO_SAD_MD.wav,cremad,sedih,takut,0.9344736337661743
/kaggle/input/datasets/ejlok1/cremad/AudioWAV/1055_IOM_SAD_XX.wav,cremad,sedih,takut,0.8223336935043335
/kaggle/input/datasets/ejlok1/cremad/AudioWAV/1076_DFA_DIS_XX.wav,cremad,jijik,marah,0.6937540769577026
/kaggle/input/datasets/ahmadnafibudianto/e-seravd-speech-emotion-recognition-av-dataset/E-SERAVD 1.1/E-SERAVD/02_Audio-Only/01_Angry/DHB/02-01-DHB-T-0009.wav,eseravd,marah,netral,0.6129850149154663
/kaggle/input/datasets/piyushagni5/berlin-database-of-emotional-speech-emodb/wav/10a07Wb.wav,emodb,marah,takut,0.9421187043190002
/kaggle/input/datasets/ejlok1/cremad/AudioWAV/1016_WSI_HAP_XX.wav,cremad,senang,takut,0.8556294441223145
/kaggle/input/datasets/ejlok1/cremad/AudioWAV/1083_IEO_HAP_MD.wav,cremad,senang,jijik,0.9058717489242554
/kaggle/input/datasets/ejlok1/cremad/AudioWAV/1048_TSI_HAP_XX.wav,cremad,senang,takut,0.884812593460083
/kaggle/input/datasets/ejlok1/cremad/AudioWAV/1008_IOM_SAD_XX.wav,cremad,sedih,marah,0.9308127164840698
/kaggle/input/datasets/ejlok1/cremad/AudioWAV/1032_IEO_SAD_HI.wav,cremad,sedih,netral,0.8567823767662048
/kaggle/input/datasets/ejlok1/cremad/AudioWAV/1033_ITS_HAP_XX.wav,cremad,senang,takut,0.6076169610023499
/kaggle/input/datasets/ejlok1/cremad/AudioWAV/1044_IWL_HAP_XX.wav,cremad,senang,marah,0.7895088195800781
/kaggle/input/datasets/ejlok1/cremad/AudioWAV/1039_IEO_DIS_HI.wav,cremad,jijik,marah,0.7789710164070129
/kaggle/input/datasets/ejlok1/cremad/AudioWAV/1002_TSI_NEU_XX.wav,cremad,netral,takut,0.7686219215393066
/kaggle/input/datasets/ejlok1/cremad/AudioWAV/1037_TIE_HAP_XX.wav,cremad,senang,takut,0.9102857112884521
/kaggle/input/datasets/ejlok1/cremad/AudioWAV/1042_MTI_FEA_XX.wav,cremad,takut,marah,0.7182279229164124
/kaggle/input/datasets/ejlok1/cremad/AudioWAV/1047_ITS_HAP_XX.wav,cremad,senang,marah,0.7096295952796936
/kaggle/input/datasets/ejlok1/cremad/AudioWAV/1007_TAI_SAD_XX.wav,cremad,sedih,jijik,0.6648091077804565
/kaggle/input/datasets/ejlok1/cremad/AudioWAV/1031_IWL_SAD_XX.wav,cremad,sedih,takut,0.647274911403656
/kaggle/input/datasets/ejlok1/cremad/AudioWAV/1090_IWL_SAD_XX.wav,cremad,sedih,takut,0.8100668787956238
/kaggle/input/datasets/ejlok1/cremad/AudioWAV/1086_ITS_SAD_XX.wav,cremad,sedih,jijik,0.6006544232368469
/kaggle/input/datasets/ejlok1/cremad/AudioWAV/1057_IEO_ANG_LO.wav,cremad,marah,takut,0.9280575513839722
/kaggle/input/datasets/ejlok1/cremad/AudioWAV/1015_TSI_HAP_XX.wav,cremad,senang,takut,0.8512255549430847
/kaggle/input/datasets/ejlok1/cremad/AudioWAV/1032_IWW_HAP_XX.wav,cremad,senang,takut,0.914880633354187
/kaggle/input/datasets/ejlok1/cremad/AudioWAV/1086_IEO_NEU_XX.wav,cremad,netral,senang,0.7196195721626282
/kaggle/input/datasets/elnathh/indowavesentiment/IndoWaveSentiment Indonesian Audio Dataset for Emotion Classification/IndoWaveSentiment/Actor_09/09-04-01-01.wav,indowavesentiment,jijik,sedih,0.8024221658706665
/kaggle/input/datasets/ejlok1/cremad/AudioWAV/1004_ITH_HAP_XX.wav,cremad,senang,takut,0.6708747148513794
/kaggle/input/datasets/ejlok1/cremad/AudioWAV/1020_IEO_SAD_LO.wav,cremad,sedih,jijik,0.6826052069664001
/kaggle/input/datasets/elnathh/indowavesentiment/IndoWaveSentiment Indonesian Audio Dataset for Emotion Classification/IndoWaveSentiment/Actor_03/03-02-01-02.wav,indowavesentiment,senang,netral,0.8187276124954224
/kaggle/input/datasets/ejlok1/cremad/AudioWAV/1066_IWL_SAD_XX.wav,cremad,sedih,takut,0.860724687576294
/kaggle/input/datasets/ejlok1/cremad/AudioWAV/1057_MTI_HAP_XX.wav,cremad,senang,jijik,0.6787274479866028
/kaggle/input/datasets/ejlok1/cremad/AudioWAV/1047_IOM_SAD_XX.wav,cremad,sedih,takut,0.8170901536941528
/kaggle/input/datasets/ejlok1/cremad/AudioWAV/1081_IEO_HAP_MD.wav,cremad,senang,marah,0.6460921764373779
/kaggle/input/datasets/ejlok1/cremad/AudioWAV/1049_TIE_SAD_XX.wav,cremad,sedih,takut,0.6767667531967163
/kaggle/input/datasets/ejlok1/cremad/AudioWAV/1079_WSI_HAP_XX.wav,cremad,senang,takut,0.6263784170150757
/kaggle/input/datasets/elnathh/indowavesentiment/IndoWaveSentiment Indonesian Audio Dataset for Emotion Classification/IndoWaveSentiment/Actor_09/09-02-02-01.wav,indowavesentiment,senang,netral,0.8937042951583862
/kaggle/input/datasets/elnathh/indowavesentiment/IndoWaveSentiment Indonesian Audio Dataset for Emotion Classification/IndoWaveSentiment/Actor_05/05-01-01-02.wav,indowavesentiment,netral,sedih,0.7475674152374268
/kaggle/input/datasets/ejlok1/cremad/AudioWAV/1058_ITS_SAD_XX.wav,cremad,sedih,jijik,0.9684575796127319
/kaggle/input/datasets/ejlok1/cremad/AudioWAV/1004_IWW_HAP_XX.wav,cremad,senang,jijik,0.9601119756698608
/kaggle/input/datasets/ejlok1/cremad/AudioWAV/1053_MTI_SAD_XX.wav,cremad,sedih,takut,0.9000043869018555
/kaggle/input/datasets/ejlok1/cremad/AudioWAV/1029_ITH_HAP_XX.wav,cremad,senang,takut,0.7254253625869751
/kaggle/input/datasets/ejlok1/cremad/AudioWAV/1022_IWW_HAP_XX.wav,cremad,senang,jijik,0.805548369884491
/kaggle/input/datasets/ejlok1/cremad/AudioWAV/1086_ITH_SAD_XX.wav,cremad,sedih,takut,0.9419326186180115
/kaggle/input/datasets/ejlok1/cremad/AudioWAV/1065_ITH_HAP_XX.wav,cremad,senang,takut,0.9283103942871094
/kaggle/input/datasets/ejlok1/cremad/AudioWAV/1073_IEO_SAD_HI.wav,cremad,sedih,takut,0.7410634160041809
/kaggle/input/datasets/ejlok1/cremad/AudioWAV/1082_DFA_DIS_XX.wav,cremad,jijik,marah,0.7325397729873657
/kaggle/input/datasets/elnathh/indowavesentiment/IndoWaveSentiment Indonesian Audio Dataset for Emotion Classification/IndoWaveSentiment/Actor_09/09-04-02-02.wav,indowavesentiment,jijik,sedih,0.8875409364700317
/kaggle/input/datasets/ejlok1/cremad/AudioWAV/1010_IEO_HAP_LO.wav,cremad,senang,takut,0.8435277938842773
/kaggle/input/datasets/ejlok1/cremad/AudioWAV/1056_DFA_DIS_XX.wav,cremad,jijik,marah,0.6851175427436829
/kaggle/input/datasets/elnathh/indowavesentiment/IndoWaveSentiment Indonesian Audio Dataset for Emotion Classification/IndoWaveSentiment/Actor_08/08-04-01-03.wav,indowavesentiment,jijik,sedih,0.7004600763320923
/kaggle/input/datasets/ejlok1/cremad/AudioWAV/1014_IWL_HAP_XX.wav,cremad,senang,jijik,0.6748694181442261
/kaggle/input/datasets/ejlok1/cremad/AudioWAV/1082_TSI_SAD_XX.wav,cremad,sedih,netral,0.8191103935241699
/kaggle/input/datasets/ejlok1/cremad/AudioWAV/1026_ITH_SAD_XX.wav,cremad,sedih,takut,0.8796513080596924
/kaggle/input/datasets/ejlok1/cremad/AudioWAV/1015_IWL_SAD_XX.wav,cremad,sedih,takut,0.8961429595947266
/kaggle/input/datasets/ejlok1/cremad/AudioWAV/1050_IEO_HAP_HI.wav,cremad,senang,marah,0.7554045915603638
/kaggle/input/datasets/ejlok1/cremad/AudioWAV/1044_TSI_HAP_XX.wav,cremad,senang,takut,0.961162805557251
/kaggle/input/datasets/ejlok1/cremad/AudioWAV/1040_ITH_HAP_XX.wav,cremad,senang,takut,0.941555917263031
/kaggle/input/datasets/uwrfkaggler/ravdess-emotional-speech-audio/Actor_15/03-01-04-01-01-02-15.wav,ravdess,sedih,takut,0.8388004899024963
/kaggle/input/datasets/elnathh/indowavesentiment/IndoWaveSentiment Indonesian Audio Dataset for Emotion Classification/IndoWaveSentiment/Actor_01/01-05-02-03.wav,indowavesentiment,sedih,netral,0.6989495158195496
/kaggle/input/datasets/ejlok1/cremad/AudioWAV/1059_ITH_HAP_XX.wav,cremad,senang,marah,0.9406009912490845
/kaggle/input/datasets/ejlok1/cremad/AudioWAV/1001_DFA_HAP_XX.wav,cremad,senang,takut,0.8200653791427612
/kaggle/input/datasets/ejlok1/cremad/AudioWAV/1038_DFA_HAP_XX.wav,cremad,senang,takut,0.7583315968513489
/kaggle/input/datasets/ejlok1/cremad/AudioWAV/1010_MTI_SAD_XX.wav,cremad,sedih,takut,0.8813158273696899
/kaggle/input/datasets/ejlok1/cremad/AudioWAV/1008_IEO_SAD_LO.wav,cremad,sedih,netral,0.7186065316200256
/kaggle/input/datasets/ejlok1/cremad/AudioWAV/1081_WSI_ANG_XX.wav,cremad,marah,takut,0.9025056958198547
/kaggle/input/datasets/ejlok1/cremad/AudioWAV/1022_IWL_HAP_XX.wav,cremad,senang,jijik,0.785598874092102
/kaggle/input/datasets/ejlok1/cremad/AudioWAV/1041_IEO_SAD_MD.wav,cremad,sedih,takut,0.946017861366272
/kaggle/input/datasets/ejlok1/cremad/AudioWAV/1056_TAI_DIS_XX.wav,cremad,jijik,marah,0.9249876141548157
/kaggle/input/datasets/ejlok1/cremad/AudioWAV/1045_DFA_HAP_XX.wav,cremad,senang,takut,0.6576583981513977
/kaggle/input/datasets/ejlok1/cremad/AudioWAV/1061_ITS_HAP_XX.wav,cremad,senang,jijik,0.6043592095375061
/kaggle/input/datasets/elnathh/indowavesentiment/IndoWaveSentiment Indonesian Audio Dataset for Emotion Classification/IndoWaveSentiment/Actor_09/09-04-01-03.wav,indowavesentiment,jijik,sedih,0.9010398387908936
/kaggle/input/datasets/ejlok1/cremad/AudioWAV/1079_TAI_SAD_XX.wav,cremad,sedih,netral,0.8236573338508606
/kaggle/input/datasets/ejlok1/cremad/AudioWAV/1008_IWW_HAP_XX.wav,cremad,senang,marah,0.6249696016311646
/kaggle/input/datasets/ejlok1/cremad/AudioWAV/1057_TAI_SAD_XX.wav,cremad,sedih,takut,0.7534316778182983
/kaggle/input/datasets/ejlok1/cremad/AudioWAV/1074_WSI_DIS_XX.wav,cremad,jijik,marah,0.7708650231361389
/kaggle/input/datasets/ejlok1/cremad/AudioWAV/1053_TSI_HAP_XX.wav,cremad,senang,marah,0.781678318977356
/kaggle/input/datasets/ejlok1/cremad/AudioWAV/1057_ITS_SAD_XX.wav,cremad,sedih,takut,0.8427976965904236
/kaggle/input/datasets/ejlok1/cremad/AudioWAV/1080_TAI_SAD_XX.wav,cremad,sedih,takut,0.9708724617958069
/kaggle/input/datasets/ejlok1/cremad/AudioWAV/1034_IEO_SAD_HI.wav,cremad,sedih,jijik,0.8231431841850281
/kaggle/input/datasets/ejlok1/cremad/AudioWAV/1063_MTI_SAD_XX.wav,cremad,sedih,takut,0.8828216195106506
/kaggle/input/datasets/ejlok1/cremad/AudioWAV/1046_IWL_HAP_XX.wav,cremad,senang,jijik,0.653107225894928
/kaggle/input/datasets/ejlok1/cremad/AudioWAV/1001_TSI_HAP_XX.wav,cremad,senang,takut,0.9560728669166565
/kaggle/input/datasets/ejlok1/cremad/AudioWAV/1042_TSI_SAD_XX.wav,cremad,sedih,takut,0.7826570868492126
/kaggle/input/datasets/ejlok1/cremad/AudioWAV/1079_IEO_NEU_XX.wav,cremad,netral,senang,0.666175365447998
/kaggle/input/datasets/ejlok1/cremad/AudioWAV/1036_ITS_NEU_XX.wav,cremad,netral,takut,0.6195644736289978
/kaggle/input/datasets/ejlok1/cremad/AudioWAV/1002_TSI_HAP_XX.wav,cremad,senang,takut,0.9485395550727844
/kaggle/input/datasets/uwrfkaggler/ravdess-emotional-speech-audio/Actor_22/03-01-02-02-01-01-22.wav,ravdess,netral,sedih,0.6897371411323547
/kaggle/input/datasets/ejlok1/cremad/AudioWAV/1021_IEO_FEA_HI.wav,cremad,takut,jijik,0.8346772193908691
/kaggle/input/datasets/ejlok1/cremad/AudioWAV/1044_WSI_DIS_XX.wav,cremad,jijik,marah,0.6205926537513733
/kaggle/input/datasets/ejlok1/cremad/AudioWAV/1059_MTI_HAP_XX.wav,cremad,senang,marah,0.7914062738418579
/kaggle/input/datasets/ejlok1/cremad/AudioWAV/1071_TIE_NEU_XX.wav,cremad,netral,takut,0.8531725406646729
/kaggle/input/datasets/ejlok1/cremad/AudioWAV/1078_IEO_SAD_MD.wav,cremad,sedih,takut,0.7137598395347595
/kaggle/input/datasets/ejlok1/cremad/AudioWAV/1060_IEO_FEA_LO.wav,cremad,takut,sedih,0.6113134622573853
/kaggle/input/datasets/ejlok1/cremad/AudioWAV/1054_DFA_ANG_XX.wav,cremad,marah,takut,0.6521129012107849
/kaggle/input/datasets/ejlok1/cremad/AudioWAV/1045_IOM_SAD_XX.wav,cremad,sedih,jijik,0.7239788174629211
/kaggle/input/datasets/ejlok1/cremad/AudioWAV/1007_IWL_HAP_XX.wav,cremad,senang,jijik,0.8142841458320618
/kaggle/input/datasets/ejlok1/cremad/AudioWAV/1068_MTI_SAD_XX.wav,cremad,sedih,takut,0.7975594401359558
/kaggle/input/datasets/ejlok1/cremad/AudioWAV/1021_IWL_HAP_XX.wav,cremad,senang,netral,0.8376467823982239
/kaggle/input/datasets/elnathh/indowavesentiment/IndoWaveSentiment Indonesian Audio Dataset for Emotion Classification/IndoWaveSentiment/Actor_08/08-02-02-01.wav,indowavesentiment,senang,jijik,0.6435633301734924
/kaggle/input/datasets/ejlok1/cremad/AudioWAV/1087_TAI_ANG_XX.wav,cremad,marah,jijik,0.728754460811615
/kaggle/input/datasets/ejlok1/cremad/AudioWAV/1048_IEO_DIS_HI.wav,cremad,jijik,takut,0.9239904284477234
/kaggle/input/datasets/ejlok1/cremad/AudioWAV/1041_TAI_SAD_XX.wav,cremad,sedih,jijik,0.8857394456863403
/kaggle/input/datasets/ejlok1/cremad/AudioWAV/1051_TSI_HAP_XX.wav,cremad,senang,jijik,0.7619587182998657
/kaggle/input/datasets/ejlok1/cremad/AudioWAV/1039_ITS_HAP_XX.wav,cremad,senang,marah,0.6006764769554138
/kaggle/input/datasets/elnathh/indowavesentiment/IndoWaveSentiment Indonesian Audio Dataset for Emotion Classification/IndoWaveSentiment/Actor_07/07-01-02-01.wav,indowavesentiment,netral,sedih,0.7875873446464539
/kaggle/input/datasets/ejlok1/cremad/AudioWAV/1050_TIE_ANG_XX.wav,cremad,marah,takut,0.7730110883712769
/kaggle/input/datasets/ejlok1/cremad/AudioWAV/1044_IWW_NEU_XX.wav,cremad,netral,marah,0.6775186657905579
/kaggle/input/datasets/ejlok1/cremad/AudioWAV/1071_TAI_ANG_XX.wav,cremad,marah,jijik,0.750959038734436
/kaggle/input/datasets/ejlok1/cremad/AudioWAV/1062_ITH_SAD_XX.wav,cremad,sedih,takut,0.7172152400016785
/kaggle/input/datasets/ejlok1/cremad/AudioWAV/1057_ITH_SAD_XX.wav,cremad,sedih,takut,0.6805756092071533
/kaggle/input/datasets/ejlok1/cremad/AudioWAV/1010_IEO_FEA_MD.wav,cremad,takut,jijik,0.9691938161849976
/kaggle/input/datasets/ejlok1/cremad/AudioWAV/1017_IEO_ANG_MD.wav,cremad,marah,takut,0.6395089626312256
/kaggle/input/datasets/ejlok1/cremad/AudioWAV/1070_IEO_SAD_MD.wav,cremad,sedih,takut,0.9291750192642212
/kaggle/input/datasets/uwrfkaggler/ravdess-emotional-speech-audio/audio_speech_actors_01-24/Actor_03/03-01-02-01-02-01-03.wav,ravdess,netral,sedih,0.6984551548957825
/kaggle/input/datasets/ejlok1/cremad/AudioWAV/1067_MTI_SAD_XX.wav,cremad,sedih,netral,0.8209831714630127
/kaggle/input/datasets/ejlok1/cremad/AudioWAV/1081_TSI_HAP_XX.wav,cremad,senang,jijik,0.9323338866233826
/kaggle/input/datasets/ejlok1/cremad/AudioWAV/1013_DFA_SAD_XX.wav,cremad,sedih,takut,0.8879081606864929
/kaggle/input/datasets/ejlok1/cremad/AudioWAV/1048_MTI_HAP_XX.wav,cremad,senang,takut,0.638677179813385
/kaggle/input/datasets/ejlok1/cremad/AudioWAV/1059_TIE_SAD_XX.wav,cremad,sedih,jijik,0.9301813840866089
/kaggle/input/datasets/ejlok1/cremad/AudioWAV/1040_IEO_SAD_HI.wav,cremad,sedih,takut,0.7216683030128479
/kaggle/input/datasets/ejlok1/cremad/AudioWAV/1019_ITS_HAP_XX.wav,cremad,senang,jijik,0.6863337159156799
/kaggle/input/datasets/ejlok1/cremad/AudioWAV/1087_IEO_ANG_LO.wav,cremad,marah,jijik,0.6379988193511963
/kaggle/input/datasets/ejlok1/cremad/AudioWAV/1029_IWW_SAD_XX.wav,cremad,sedih,takut,0.9297865033149719
/kaggle/input/datasets/ejlok1/cremad/AudioWAV/1057_ITH_HAP_XX.wav,cremad,senang,takut,0.8489903807640076
/kaggle/input/datasets/ejlok1/cremad/AudioWAV/1015_IOM_SAD_XX.wav,cremad,sedih,jijik,0.8488003611564636
/kaggle/input/datasets/ejlok1/cremad/AudioWAV/1007_WSI_HAP_XX.wav,cremad,senang,jijik,0.9203341007232666
/kaggle/input/datasets/ejlok1/cremad/AudioWAV/1042_IOM_HAP_XX.wav,cremad,senang,takut,0.6107419729232788
/kaggle/input/datasets/ejlok1/cremad/AudioWAV/1087_IOM_HAP_XX.wav,cremad,senang,netral,0.6520317792892456
/kaggle/input/datasets/ejlok1/cremad/AudioWAV/1051_IOM_HAP_XX.wav,cremad,senang,takut,0.7038215398788452
/kaggle/input/datasets/ejlok1/cremad/AudioWAV/1044_WSI_SAD_XX.wav,cremad,sedih,takut,0.8281681537628174
/kaggle/input/datasets/ejlok1/cremad/AudioWAV/1032_IWL_SAD_XX.wav,cremad,sedih,jijik,0.7395175695419312
/kaggle/input/datasets/ejlok1/cremad/AudioWAV/1083_ITS_SAD_XX.wav,cremad,sedih,jijik,0.793837308883667
/kaggle/input/datasets/ejlok1/cremad/AudioWAV/1008_IEO_FEA_HI.wav,cremad,takut,marah,0.6222437620162964
/kaggle/input/datasets/ejlok1/cremad/AudioWAV/1029_DFA_SAD_XX.wav,cremad,sedih,takut,0.6236472725868225
/kaggle/input/datasets/ejlok1/cremad/AudioWAV/1022_MTI_SAD_XX.wav,cremad,sedih,jijik,0.9589780569076538
/kaggle/input/datasets/ejlok1/cremad/AudioWAV/1011_IEO_SAD_MD.wav,cremad,sedih,takut,0.6966760754585266
/kaggle/input/datasets/ejlok1/cremad/AudioWAV/1031_WSI_FEA_XX.wav,cremad,takut,senang,0.6342748999595642
/kaggle/input/datasets/ejlok1/cremad/AudioWAV/1022_IEO_SAD_HI.wav,cremad,sedih,jijik,0.9128708839416504
/kaggle/input/datasets/ejlok1/cremad/AudioWAV/1071_IEO_HAP_HI.wav,cremad,senang,marah,0.6825724840164185
/kaggle/input/datasets/ejlok1/cremad/AudioWAV/1002_TAI_DIS_XX.wav,cremad,jijik,marah,0.7884874939918518
/kaggle/input/datasets/elnathh/indowavesentiment/IndoWaveSentiment Indonesian Audio Dataset for Emotion Classification/IndoWaveSentiment/Actor_03/03-04-01-01.wav,indowavesentiment,jijik,sedih,0.7278960347175598
/kaggle/input/datasets/ejlok1/cremad/AudioWAV/1018_IOM_SAD_XX.wav,cremad,sedih,takut,0.6486404538154602
/kaggle/input/datasets/ejlok1/cremad/AudioWAV/1052_IEO_DIS_LO.wav,cremad,jijik,takut,0.8026971220970154
/kaggle/input/datasets/ejlok1/cremad/AudioWAV/1061_IOM_NEU_XX.wav,cremad,netral,takut,0.7453405857086182
/kaggle/input/datasets/ejlok1/cremad/AudioWAV/1073_TSI_SAD_XX.wav,cremad,sedih,takut,0.6774477958679199
/kaggle/input/datasets/ejlok1/cremad/AudioWAV/1002_IOM_NEU_XX.wav,cremad,netral,takut,0.8093278408050537
/kaggle/input/datasets/ejlok1/cremad/AudioWAV/1008_TAI_SAD_XX.wav,cremad,sedih,marah,0.7670577764511108
/kaggle/input/datasets/ejlok1/cremad/AudioWAV/1052_DFA_SAD_XX.wav,cremad,sedih,takut,0.8304738998413086
/kaggle/input/datasets/ejlok1/cremad/AudioWAV/1054_IWL_SAD_XX.wav,cremad,sedih,jijik,0.9319210648536682
/kaggle/input/datasets/ejlok1/cremad/AudioWAV/1033_TIE_SAD_XX.wav,cremad,sedih,takut,0.7384250164031982
/kaggle/input/datasets/ejlok1/cremad/AudioWAV/1073_ITH_SAD_XX.wav,cremad,sedih,netral,0.6518709063529968
/kaggle/input/datasets/elnathh/indowavesentiment/IndoWaveSentiment Indonesian Audio Dataset for Emotion Classification/IndoWaveSentiment/Actor_09/09-02-02-03.wav,indowavesentiment,senang,netral,0.8558121919631958
/kaggle/input/datasets/ejlok1/cremad/AudioWAV/1089_TSI_HAP_XX.wav,cremad,senang,takut,0.816875159740448
/kaggle/input/datasets/ejlok1/cremad/AudioWAV/1079_DFA_FEA_XX.wav,cremad,takut,senang,0.613950788974762
/kaggle/input/datasets/ejlok1/cremad/AudioWAV/1007_TIE_ANG_XX.wav,cremad,marah,jijik,0.63319993019104
/kaggle/input/datasets/ejlok1/cremad/AudioWAV/1057_ITH_NEU_XX.wav,cremad,netral,takut,0.7301022410392761
/kaggle/input/datasets/ejlok1/cremad/AudioWAV/1072_IEO_SAD_HI.wav,cremad,sedih,takut,0.7822828888893127
/kaggle/input/datasets/ejlok1/cremad/AudioWAV/1072_IEO_DIS_MD.wav,cremad,jijik,marah,0.8944095373153687
/kaggle/input/datasets/uwrfkaggler/ravdess-emotional-speech-audio/Actor_03/03-01-02-01-02-01-03.wav,ravdess,netral,sedih,0.6984551548957825
/kaggle/input/datasets/ejlok1/cremad/AudioWAV/1031_TIE_HAP_XX.wav,cremad,senang,takut,0.6005879044532776
/kaggle/input/datasets/ejlok1/cremad/AudioWAV/1091_IEO_DIS_HI.wav,cremad,jijik,marah,0.9371404051780701
/kaggle/input/datasets/ejlok1/cremad/AudioWAV/1013_IOM_HAP_XX.wav,cremad,senang,jijik,0.9179570078849792
/kaggle/input/datasets/ejlok1/cremad/AudioWAV/1026_MTI_SAD_XX.wav,cremad,sedih,takut,0.7004594206809998
/kaggle/input/datasets/ejlok1/cremad/AudioWAV/1049_IEO_ANG_LO.wav,cremad,marah,senang,0.6754006743431091
/kaggle/input/datasets/ejlok1/cremad/AudioWAV/1029_IEO_FEA_HI.wav,cremad,takut,senang,0.646687388420105
/kaggle/input/datasets/ejlok1/cremad/AudioWAV/1060_IOM_HAP_XX.wav,cremad,senang,takut,0.7868032455444336
/kaggle/input/datasets/ejlok1/cremad/AudioWAV/1019_IWL_ANG_XX.wav,cremad,marah,takut,0.6559752821922302
/kaggle/input/datasets/ejlok1/cremad/AudioWAV/1008_TSI_SAD_XX.wav,cremad,sedih,jijik,0.9357592463493347
/kaggle/input/datasets/ejlok1/cremad/AudioWAV/1091_ITH_SAD_XX.wav,cremad,sedih,takut,0.9431544542312622
/kaggle/input/datasets/ejlok1/cremad/AudioWAV/1035_ITS_SAD_XX.wav,cremad,sedih,jijik,0.7606890201568604
/kaggle/input/datasets/ejlok1/cremad/AudioWAV/1069_IWW_HAP_XX.wav,cremad,senang,takut,0.876923143863678
/kaggle/input/datasets/ejlok1/cremad/AudioWAV/1012_IWW_HAP_XX.wav,cremad,senang,takut,0.7127543091773987
/kaggle/input/datasets/ejlok1/cremad/AudioWAV/1048_TIE_SAD_XX.wav,cremad,sedih,takut,0.6131350994110107
/kaggle/input/datasets/uwrfkaggler/ravdess-emotional-speech-audio/audio_speech_actors_01-24/Actor_18/03-01-05-02-02-01-18.wav,ravdess,marah,senang,0.6618252396583557
/kaggle/input/datasets/ejlok1/cremad/AudioWAV/1057_WSI_NEU_XX.wav,cremad,netral,takut,0.8636279106140137
/kaggle/input/datasets/ejlok1/cremad/AudioWAV/1005_TSI_SAD_XX.wav,cremad,sedih,jijik,0.7902069687843323
/kaggle/input/datasets/ejlok1/cremad/AudioWAV/1064_IEO_HAP_HI.wav,cremad,senang,jijik,0.7229453921318054
/kaggle/input/datasets/ejlok1/cremad/AudioWAV/1031_ITS_DIS_XX.wav,cremad,jijik,takut,0.7632749080657959
/kaggle/input/datasets/ejlok1/cremad/AudioWAV/1041_TSI_SAD_XX.wav,cremad,sedih,takut,0.6388724446296692
/kaggle/input/datasets/ejlok1/cremad/AudioWAV/1065_TIE_HAP_XX.wav,cremad,senang,takut,0.9693781733512878
/kaggle/input/datasets/ejlok1/cremad/AudioWAV/1055_WSI_SAD_XX.wav,cremad,sedih,netral,0.8819684982299805
/kaggle/input/datasets/ejlok1/cremad/AudioWAV/1005_DFA_SAD_XX.wav,cremad,sedih,netral,0.869722843170166
/kaggle/input/datasets/uwrfkaggler/ravdess-emotional-speech-audio/Actor_14/03-01-04-02-02-01-14.wav,ravdess,sedih,jijik,0.7592676877975464
/kaggle/input/datasets/ejlok1/cremad/AudioWAV/1017_ITH_SAD_XX.wav,cremad,sedih,takut,0.6833474636077881
/kaggle/input/datasets/ejlok1/cremad/AudioWAV/1047_IWW_SAD_XX.wav,cremad,sedih,takut,0.7696914672851562
/kaggle/input/datasets/elnathh/indowavesentiment/IndoWaveSentiment Indonesian Audio Dataset for Emotion Classification/IndoWaveSentiment/Actor_04/04-01-02-03.wav,indowavesentiment,netral,sedih,0.6562906503677368
/kaggle/input/datasets/elnathh/indowavesentiment/IndoWaveSentiment Indonesian Audio Dataset for Emotion Classification/IndoWaveSentiment/Actor_10/10-02-02-03.wav,indowavesentiment,senang,marah,0.7525465488433838
/kaggle/input/datasets/ejlok1/cremad/AudioWAV/1004_IWL_HAP_XX.wav,cremad,senang,jijik,0.8476746082305908
/kaggle/input/datasets/ejlok1/cremad/AudioWAV/1085_WSI_SAD_XX.wav,cremad,sedih,takut,0.6872613430023193
/kaggle/input/datasets/ejlok1/cremad/AudioWAV/1087_TIE_HAP_XX.wav,cremad,senang,jijik,0.8849171996116638
/kaggle/input/datasets/ejlok1/cremad/AudioWAV/1038_ITH_SAD_XX.wav,cremad,sedih,takut,0.9503726959228516
/kaggle/input/datasets/ejlok1/cremad/AudioWAV/1050_TAI_SAD_XX.wav,cremad,sedih,netral,0.8639044165611267
/kaggle/input/datasets/ejlok1/cremad/AudioWAV/1044_IWL_SAD_XX.wav,cremad,sedih,takut,0.913667619228363
/kaggle/input/datasets/ejlok1/cremad/AudioWAV/1068_IWW_SAD_XX.wav,cremad,sedih,takut,0.7560678720474243
/kaggle/input/datasets/ejlok1/cremad/AudioWAV/1010_ITH_SAD_XX.wav,cremad,sedih,takut,0.9653164744377136
/kaggle/input/datasets/ejlok1/cremad/AudioWAV/1028_DFA_HAP_XX.wav,cremad,senang,takut,0.7015066742897034
/kaggle/input/datasets/ejlok1/cremad/AudioWAV/1045_TAI_SAD_XX.wav,cremad,sedih,takut,0.657020092010498
/kaggle/input/datasets/ejlok1/cremad/AudioWAV/1007_IOM_SAD_XX.wav,cremad,sedih,takut,0.711394727230072
/kaggle/input/datasets/ejlok1/cremad/AudioWAV/1036_TIE_ANG_XX.wav,cremad,marah,jijik,0.6737969517707825
/kaggle/input/datasets/ejlok1/cremad/AudioWAV/1069_ITH_SAD_XX.wav,cremad,sedih,takut,0.9265469908714294
/kaggle/input/datasets/ejlok1/cremad/AudioWAV/1075_ITS_DIS_XX.wav,cremad,jijik,sedih,0.610069215297699
/kaggle/input/datasets/ejlok1/cremad/AudioWAV/1050_WSI_SAD_XX.wav,cremad,sedih,takut,0.6187897324562073
/kaggle/input/datasets/ejlok1/cremad/AudioWAV/1029_TSI_SAD_XX.wav,cremad,sedih,takut,0.6778275966644287
/kaggle/input/datasets/ejlok1/cremad/AudioWAV/1066_TAI_SAD_XX.wav,cremad,sedih,takut,0.8104860782623291
/kaggle/input/datasets/uwrfkaggler/ravdess-emotional-speech-audio/audio_speech_actors_01-24/Actor_24/03-01-04-01-02-01-24.wav,ravdess,sedih,netral,0.8787069916725159
/kaggle/input/datasets/ejlok1/cremad/AudioWAV/1059_ITS_HAP_XX.wav,cremad,senang,marah,0.92994624376297
/kaggle/input/datasets/ejlok1/cremad/AudioWAV/1010_DFA_SAD_XX.wav,cremad,sedih,takut,0.7984679341316223
/kaggle/input/datasets/ejlok1/cremad/AudioWAV/1052_IOM_HAP_XX.wav,cremad,senang,takut,0.9639129638671875
/kaggle/input/datasets/ejlok1/cremad/AudioWAV/1024_TIE_HAP_XX.wav,cremad,senang,netral,0.925255298614502
/kaggle/input/datasets/elnathh/indowavesentiment/IndoWaveSentiment Indonesian Audio Dataset for Emotion Classification/IndoWaveSentiment/Actor_10/10-04-01-01.wav,indowavesentiment,jijik,sedih,0.8031135201454163
/kaggle/input/datasets/elnathh/indowavesentiment/IndoWaveSentiment Indonesian Audio Dataset for Emotion Classification/IndoWaveSentiment/Actor_10/10-04-02-01.wav,indowavesentiment,jijik,sedih,0.9258073568344116
/kaggle/input/datasets/ejlok1/cremad/AudioWAV/1046_MTI_SAD_XX.wav,cremad,sedih,takut,0.8301030993461609
/kaggle/input/datasets/ejlok1/cremad/AudioWAV/1060_TAI_HAP_XX.wav,cremad,senang,marah,0.7565740942955017
/kaggle/input/datasets/ejlok1/cremad/AudioWAV/1021_ITH_SAD_XX.wav,cremad,sedih,takut,0.6478933095932007
/kaggle/input/datasets/uwrfkaggler/ravdess-emotional-speech-audio/audio_speech_actors_01-24/Actor_15/03-01-04-01-01-02-15.wav,ravdess,sedih,takut,0.8388004899024963
/kaggle/input/datasets/ejlok1/cremad/AudioWAV/1009_IOM_SAD_XX.wav,cremad,sedih,takut,0.7851954102516174
/kaggle/input/datasets/ejlok1/cremad/AudioWAV/1065_TSI_HAP_XX.wav,cremad,senang,takut,0.9627155065536499
/kaggle/input/datasets/ejlok1/cremad/AudioWAV/1058_MTI_SAD_XX.wav,cremad,sedih,jijik,0.9595651626586914
/kaggle/input/datasets/ejlok1/cremad/AudioWAV/1004_TIE_SAD_XX.wav,cremad,sedih,takut,0.7017737627029419
/kaggle/input/datasets/ejlok1/cremad/AudioWAV/1080_IEO_SAD_LO.wav,cremad,sedih,takut,0.8668209910392761
/kaggle/input/datasets/ejlok1/cremad/AudioWAV/1061_IEO_HAP_HI.wav,cremad,senang,takut,0.6829967498779297
/kaggle/input/datasets/uwrfkaggler/ravdess-emotional-speech-audio/audio_speech_actors_01-24/Actor_09/03-01-03-01-02-02-09.wav,ravdess,senang,sedih,0.7230852842330933
/kaggle/input/datasets/ejlok1/cremad/AudioWAV/1046_MTI_HAP_XX.wav,cremad,senang,takut,0.9486921429634094
/kaggle/input/datasets/ejlok1/cremad/AudioWAV/1068_IEO_SAD_MD.wav,cremad,sedih,takut,0.6812323927879333
/kaggle/input/datasets/ejlok1/cremad/AudioWAV/1008_IEO_SAD_HI.wav,cremad,sedih,jijik,0.705549955368042
/kaggle/input/datasets/ejlok1/cremad/AudioWAV/1028_IEO_DIS_HI.wav,cremad,jijik,senang,0.6244219541549683
/kaggle/input/datasets/ejlok1/cremad/AudioWAV/1045_ITS_ANG_XX.wav,cremad,marah,netral,0.8979397416114807
/kaggle/input/datasets/ejlok1/cremad/AudioWAV/1056_IEO_HAP_MD.wav,cremad,senang,jijik,0.6416188478469849
/kaggle/input/datasets/uwrfkaggler/ravdess-emotional-speech-audio/Actor_02/03-01-04-01-02-01-02.wav,ravdess,sedih,netral,0.8910276293754578
/kaggle/input/datasets/ejlok1/cremad/AudioWAV/1071_WSI_SAD_XX.wav,cremad,sedih,takut,0.7043046355247498
/kaggle/input/datasets/ejlok1/cremad/AudioWAV/1005_ITS_SAD_XX.wav,cremad,sedih,jijik,0.8237590193748474
/kaggle/input/datasets/uwrfkaggler/ravdess-emotional-speech-audio/audio_speech_actors_01-24/Actor_16/03-01-03-02-02-02-16.wav,ravdess,senang,marah,0.7255135774612427
/kaggle/input/datasets/uwrfkaggler/ravdess-emotional-speech-audio/Actor_17/03-01-04-01-01-02-17.wav,ravdess,sedih,takut,0.774603545665741
/kaggle/input/datasets/ejlok1/cremad/AudioWAV/1045_IEO_SAD_HI.wav,cremad,sedih,takut,0.8548175692558289
/kaggle/input/datasets/ejlok1/cremad/AudioWAV/1036_IEO_ANG_LO.wav,cremad,marah,jijik,0.8408709168434143
/kaggle/input/datasets/ejlok1/cremad/AudioWAV/1070_IWL_SAD_XX.wav,cremad,sedih,netral,0.7416512966156006
/kaggle/input/datasets/ejlok1/cremad/AudioWAV/1057_IWL_HAP_XX.wav,cremad,senang,takut,0.7096089124679565
/kaggle/input/datasets/ejlok1/cremad/AudioWAV/1009_IEO_HAP_HI.wav,cremad,senang,marah,0.8572880625724792
/kaggle/input/datasets/ejlok1/cremad/AudioWAV/1083_IEO_SAD_LO.wav,cremad,sedih,takut,0.6868227124214172
/kaggle/input/datasets/ejlok1/cremad/AudioWAV/1035_IOM_HAP_XX.wav,cremad,senang,takut,0.9021285176277161
/kaggle/input/datasets/ejlok1/cremad/AudioWAV/1009_IEO_DIS_HI.wav,cremad,jijik,marah,0.8725625872612
/kaggle/input/datasets/ejlok1/cremad/AudioWAV/1032_TSI_HAP_XX.wav,cremad,senang,takut,0.9278904795646667
/kaggle/input/datasets/ejlok1/cremad/AudioWAV/1077_IWW_SAD_XX.wav,cremad,sedih,netral,0.7613725066184998
/kaggle/input/datasets/ejlok1/cremad/AudioWAV/1006_TIE_HAP_XX.wav,cremad,senang,netral,0.9223886132240295
/kaggle/input/datasets/ejlok1/cremad/AudioWAV/1087_IWW_SAD_XX.wav,cremad,sedih,takut,0.7822911143302917
/kaggle/input/datasets/uwrfkaggler/ravdess-emotional-speech-audio/Actor_18/03-01-05-02-02-01-18.wav,ravdess,marah,senang,0.6618247628211975
/kaggle/input/datasets/ejlok1/cremad/AudioWAV/1038_DFA_SAD_XX.wav,cremad,sedih,takut,0.8570311665534973
/kaggle/input/datasets/ejlok1/cremad/AudioWAV/1061_IEO_FEA_LO.wav,cremad,takut,sedih,0.7613746523857117
/kaggle/input/datasets/ejlok1/cremad/AudioWAV/1039_ITS_SAD_XX.wav,cremad,sedih,takut,0.8894289135932922
/kaggle/input/datasets/ejlok1/cremad/AudioWAV/1002_IOM_SAD_XX.wav,cremad,sedih,jijik,0.9835861325263977
/kaggle/input/datasets/elnathh/indowavesentiment/IndoWaveSentiment Indonesian Audio Dataset for Emotion Classification/IndoWaveSentiment/Actor_01/01-02-01-03.wav,indowavesentiment,senang,netral,0.6158862113952637
/kaggle/input/datasets/ejlok1/cremad/AudioWAV/1014_IWW_DIS_XX.wav,cremad,jijik,takut,0.8343263864517212
/kaggle/input/datasets/ejlok1/cremad/AudioWAV/1035_TIE_SAD_XX.wav,cremad,sedih,jijik,0.8944616913795471
/kaggle/input/datasets/ejlok1/cremad/AudioWAV/1056_IEO_FEA_HI.wav,cremad,takut,jijik,0.7558472752571106
/kaggle/input/datasets/ejlok1/cremad/AudioWAV/1070_IEO_SAD_HI.wav,cremad,sedih,takut,0.7885697484016418
/kaggle/input/datasets/ejlok1/cremad/AudioWAV/1027_ITH_HAP_XX.wav,cremad,senang,jijik,0.9347209334373474
/kaggle/input/datasets/ejlok1/cremad/AudioWAV/1040_TIE_SAD_XX.wav,cremad,sedih,takut,0.8894656896591187
